order_id,order_dum,order_type,item,qty,facing,due_date,station,pod_id,status,finish_time,date,time_gen
0,0,1,461,8,-1,99999,-1,-1,-3,-1,1,360
1,0,1,147,5,-1,99999,-1,-1,-3,-1,1,360
2,0,1,382,8,-1,99999,-1,-1,-3,-1,1,360
3,1,1,37,6,-1,99999,-1,-1,-3,-1,1,360
4,2,1,15,7,-1,99999,-1,-1,-3,-1,1,360
5,2,1,26,2,-1,99999,-1,-1,-3,-1,1,360
6,3,1,69,7,-1,99999,-1,-1,-3,-1,1,420
7,4,1,49,3,-1,99999,-1,-1,-3,-1,1,540
8,4,1,32,3,-1,99999,-1,-1,-3,-1,1,540
9,4,1,38,3,-1,99999,-1,-1,-3,-1,1,540
10,4,1,315,4,-1,99999,-1,-1,-3,-1,1,540
11,4,1,1,12,-1,99999,-1,-1,-3,-1,1,540
12,5,1,48,8,-1,99999,-1,-1,-3,-1,1,540
13,6,1,20,1,-1,99999,-1,-1,-3,-1,1,540
14,7,1,1,5,-1,99999,-1,-1,-3,-1,1,600
15,8,1,6,12,-1,99999,-1,-1,-3,-1,1,600
16,9,1,40,1,-1,99999,-1,-1,-3,-1,1,720
17,10,1,20,4,-1,99999,-1,-1,-3,-1,1,720
18,10,1,143,8,-1,99999,-1,-1,-3,-1,1,720
19,10,1,41,7,-1,99999,-1,-1,-3,-1,1,720
20,10,1,149,6,-1,99999,-1,-1,-3,-1,1,720
21,10,1,13,5,-1,99999,-1,-1,-3,-1,1,720
22,11,1,10,12,-1,99999,-1,-1,-3,-1,1,720
23,12,1,398,9,-1,99999,-1,-1,-3,-1,1,720
24,12,1,34,10,-1,99999,-1,-1,-3,-1,1,720
25,13,1,43,8,-1,99999,-1,-1,-3,-1,1,780
26,13,1,0,8,-1,99999,-1,-1,-3,-1,1,780
27,14,1,14,6,-1,99999,-1,-1,-3,-1,1,840
28,14,1,232,3,-1,99999,-1,-1,-3,-1,1,840
29,14,1,16,6,-1,99999,-1,-1,-3,-1,1,840
30,15,1,0,11,-1,99999,-1,-1,-3,-1,1,900
31,15,1,179,10,-1,99999,-1,-1,-3,-1,1,900
32,15,1,192,10,-1,99999,-1,-1,-3,-1,1,900
33,15,1,149,1,-1,99999,-1,-1,-3,-1,1,900
34,15,1,86,5,-1,99999,-1,-1,-3,-1,1,900
35,15,1,154,5,-1,99999,-1,-1,-3,-1,1,900
36,15,1,93,6,-1,99999,-1,-1,-3,-1,1,900
37,15,1,13,6,-1,99999,-1,-1,-3,-1,1,900
38,16,1,6,8,-1,99999,-1,-1,-3,-1,1,960
39,16,1,169,8,-1,99999,-1,-1,-3,-1,1,960
40,17,1,150,4,-1,99999,-1,-1,-3,-1,1,1020
41,17,1,40,12,-1,99999,-1,-1,-3,-1,1,1020
42,17,1,174,4,-1,99999,-1,-1,-3,-1,1,1020
43,17,1,212,5,-1,99999,-1,-1,-3,-1,1,1020
44,17,1,45,7,-1,99999,-1,-1,-3,-1,1,1020
45,17,1,396,5,-1,99999,-1,-1,-3,-1,1,1020
46,18,1,82,6,-1,99999,-1,-1,-3,-1,1,1020
47,18,1,48,5,-1,99999,-1,-1,-3,-1,1,1020
48,19,1,33,8,-1,99999,-1,-1,-3,-1,1,1080
49,19,1,11,5,-1,99999,-1,-1,-3,-1,1,1080
50,19,1,3,9,-1,99999,-1,-1,-3,-1,1,1080
51,19,1,1,8,-1,99999,-1,-1,-3,-1,1,1080
52,19,1,14,4,-1,99999,-1,-1,-3,-1,1,1080
53,19,1,2,6,-1,99999,-1,-1,-3,-1,1,1080
54,19,1,242,8,-1,99999,-1,-1,-3,-1,1,1080
55,19,1,34,9,-1,99999,-1,-1,-3,-1,1,1080
56,19,1,122,10,-1,99999,-1,-1,-3,-1,1,1080
57,19,1,96,10,-1,99999,-1,-1,-3,-1,1,1080
58,20,1,105,4,-1,99999,-1,-1,-3,-1,1,1080
59,21,1,5,4,-1,99999,-1,-1,-3,-1,1,1140
60,21,1,40,4,-1,99999,-1,-1,-3,-1,1,1140
61,21,1,13,4,-1,99999,-1,-1,-3,-1,1,1140
62,21,1,186,2,-1,99999,-1,-1,-3,-1,1,1140
63,21,1,6,7,-1,99999,-1,-1,-3,-1,1,1140
64,21,1,10,8,-1,99999,-1,-1,-3,-1,1,1140
65,21,1,182,5,-1,99999,-1,-1,-3,-1,1,1140
66,22,1,47,2,-1,99999,-1,-1,-3,-1,1,1140
67,22,1,1,5,-1,99999,-1,-1,-3,-1,1,1140
68,23,1,33,7,-1,99999,-1,-1,-3,-1,1,1260
69,24,1,18,6,-1,99999,-1,-1,-3,-1,1,1320
70,24,1,227,9,-1,99999,-1,-1,-3,-1,1,1320
71,24,1,16,6,-1,99999,-1,-1,-3,-1,1,1320
72,24,1,448,8,-1,99999,-1,-1,-3,-1,1,1320
73,25,1,36,1,-1,99999,-1,-1,-3,-1,1,1380
74,25,1,15,4,-1,99999,-1,-1,-3,-1,1,1380
75,25,1,41,12,-1,99999,-1,-1,-3,-1,1,1380
76,25,1,9,6,-1,99999,-1,-1,-3,-1,1,1380
77,25,1,43,6,-1,99999,-1,-1,-3,-1,1,1380
78,25,1,0,9,-1,99999,-1,-1,-3,-1,1,1380
79,26,1,91,4,-1,99999,-1,-1,-3,-1,1,1440
80,26,1,378,8,-1,99999,-1,-1,-3,-1,1,1440
81,26,1,33,1,-1,99999,-1,-1,-3,-1,1,1440
82,26,1,139,2,-1,99999,-1,-1,-3,-1,1,1440
83,26,1,9,10,-1,99999,-1,-1,-3,-1,1,1440
84,26,1,398,11,-1,99999,-1,-1,-3,-1,1,1440
85,26,1,20,10,-1,99999,-1,-1,-3,-1,1,1440
86,27,1,54,8,-1,99999,-1,-1,-3,-1,1,1440
87,27,1,272,7,-1,99999,-1,-1,-3,-1,1,1440
88,27,1,58,2,-1,99999,-1,-1,-3,-1,1,1440
89,27,1,8,8,-1,99999,-1,-1,-3,-1,1,1440
90,27,1,113,8,-1,99999,-1,-1,-3,-1,1,1440
91,27,1,2,9,-1,99999,-1,-1,-3,-1,1,1440
92,27,1,3,6,-1,99999,-1,-1,-3,-1,1,1440
93,27,1,136,11,-1,99999,-1,-1,-3,-1,1,1440
94,28,1,36,4,-1,99999,-1,-1,-3,-1,1,1560
95,28,1,79,6,-1,99999,-1,-1,-3,-1,1,1560
96,29,1,171,12,-1,99999,-1,-1,-3,-1,1,1560
97,29,1,222,2,-1,99999,-1,-1,-3,-1,1,1560
98,30,1,73,10,-1,99999,-1,-1,-3,-1,1,1560
99,30,1,250,10,-1,99999,-1,-1,-3,-1,1,1560
100,30,1,13,11,-1,99999,-1,-1,-3,-1,1,1560
101,30,1,3,10,-1,99999,-1,-1,-3,-1,1,1560
102,31,1,7,2,-1,99999,-1,-1,-3,-1,1,1560
103,31,1,380,6,-1,99999,-1,-1,-3,-1,1,1560
104,31,1,0,2,-1,99999,-1,-1,-3,-1,1,1560
105,32,1,9,2,-1,99999,-1,-1,-3,-1,1,1560
106,32,1,147,10,-1,99999,-1,-1,-3,-1,1,1560
107,32,1,24,3,-1,99999,-1,-1,-3,-1,1,1560
108,33,1,39,8,-1,99999,-1,-1,-3,-1,1,1680
109,34,1,105,5,-1,99999,-1,-1,-3,-1,1,1740
110,34,1,8,2,-1,99999,-1,-1,-3,-1,1,1740
111,35,1,165,5,-1,99999,-1,-1,-3,-1,1,1740
112,35,1,344,7,-1,99999,-1,-1,-3,-1,1,1740
113,35,1,0,4,-1,99999,-1,-1,-3,-1,1,1740
114,35,1,332,9,-1,99999,-1,-1,-3,-1,1,1740
115,35,1,10,4,-1,99999,-1,-1,-3,-1,1,1740
116,35,1,63,9,-1,99999,-1,-1,-3,-1,1,1740
117,35,1,109,6,-1,99999,-1,-1,-3,-1,1,1740
118,35,1,26,11,-1,99999,-1,-1,-3,-1,1,1740
119,35,1,184,7,-1,99999,-1,-1,-3,-1,1,1740
120,35,1,4,10,-1,99999,-1,-1,-3,-1,1,1740
121,35,1,150,5,-1,99999,-1,-1,-3,-1,1,1740
122,36,1,156,6,-1,99999,-1,-1,-3,-1,1,1800
123,36,1,2,8,-1,99999,-1,-1,-3,-1,1,1800
124,36,1,1,2,-1,99999,-1,-1,-3,-1,1,1800
125,36,1,16,6,-1,99999,-1,-1,-3,-1,1,1800
126,37,1,36,6,-1,99999,-1,-1,-3,-1,1,1860
127,37,1,5,2,-1,99999,-1,-1,-3,-1,1,1860
128,37,1,33,4,-1,99999,-1,-1,-3,-1,1,1860
129,37,1,60,4,-1,99999,-1,-1,-3,-1,1,1860
130,38,1,14,5,-1,99999,-1,-1,-3,-1,1,1920
131,39,1,484,7,-1,99999,-1,-1,-3,-1,1,1920
132,39,1,13,9,-1,99999,-1,-1,-3,-1,1,1920
133,39,1,20,7,-1,99999,-1,-1,-3,-1,1,1920
134,40,1,48,10,-1,99999,-1,-1,-3,-1,1,1980
135,41,1,272,2,-1,99999,-1,-1,-3,-1,1,1980
136,41,1,24,7,-1,99999,-1,-1,-3,-1,1,1980
137,41,1,132,10,-1,99999,-1,-1,-3,-1,1,1980
138,41,1,29,5,-1,99999,-1,-1,-3,-1,1,1980
139,42,1,108,8,-1,99999,-1,-1,-3,-1,1,1980
140,42,1,151,6,-1,99999,-1,-1,-3,-1,1,1980
141,42,1,40,6,-1,99999,-1,-1,-3,-1,1,1980
142,42,1,173,6,-1,99999,-1,-1,-3,-1,1,1980
143,42,1,132,10,-1,99999,-1,-1,-3,-1,1,1980
144,43,1,131,6,-1,99999,-1,-1,-3,-1,1,1980
145,43,1,17,10,-1,99999,-1,-1,-3,-1,1,1980
146,44,1,161,12,-1,99999,-1,-1,-3,-1,1,2040
147,44,1,128,2,-1,99999,-1,-1,-3,-1,1,2040
148,44,1,109,3,-1,99999,-1,-1,-3,-1,1,2040
149,45,1,8,6,-1,99999,-1,-1,-3,-1,1,2040
150,45,1,202,5,-1,99999,-1,-1,-3,-1,1,2040
151,46,1,0,10,-1,99999,-1,-1,-3,-1,1,2040
152,46,1,2,6,-1,99999,-1,-1,-3,-1,1,2040
153,47,1,11,5,-1,99999,-1,-1,-3,-1,1,2040
154,48,1,13,7,-1,99999,-1,-1,-3,-1,1,2040
155,48,1,66,4,-1,99999,-1,-1,-3,-1,1,2040
156,48,1,117,6,-1,99999,-1,-1,-3,-1,1,2040
157,48,1,0,2,-1,99999,-1,-1,-3,-1,1,2040
158,48,1,82,2,-1,99999,-1,-1,-3,-1,1,2040
159,48,1,100,10,-1,99999,-1,-1,-3,-1,1,2040
160,48,1,23,8,-1,99999,-1,-1,-3,-1,1,2040
161,48,1,193,4,-1,99999,-1,-1,-3,-1,1,2040
162,48,1,4,12,-1,99999,-1,-1,-3,-1,1,2040
163,48,1,39,4,-1,99999,-1,-1,-3,-1,1,2040
164,48,1,48,4,-1,99999,-1,-1,-3,-1,1,2040
165,49,1,443,4,-1,99999,-1,-1,-3,-1,1,2100
166,49,1,89,1,-1,99999,-1,-1,-3,-1,1,2100
167,49,1,1,4,-1,99999,-1,-1,-3,-1,1,2100
168,50,1,29,10,-1,99999,-1,-1,-3,-1,1,2100
169,50,1,9,6,-1,99999,-1,-1,-3,-1,1,2100
170,50,1,15,2,-1,99999,-1,-1,-3,-1,1,2100
171,50,1,128,3,-1,99999,-1,-1,-3,-1,1,2100
172,51,1,150,8,-1,99999,-1,-1,-3,-1,1,2220
173,52,1,324,10,-1,99999,-1,-1,-3,-1,1,2280
174,52,1,155,3,-1,99999,-1,-1,-3,-1,1,2280
175,52,1,32,4,-1,99999,-1,-1,-3,-1,1,2280
176,52,1,67,10,-1,99999,-1,-1,-3,-1,1,2280
177,53,1,65,2,-1,99999,-1,-1,-3,-1,1,2280
178,53,1,1,8,-1,99999,-1,-1,-3,-1,1,2280
179,53,1,37,8,-1,99999,-1,-1,-3,-1,1,2280
180,54,1,7,2,-1,99999,-1,-1,-3,-1,1,2340
181,54,1,88,5,-1,99999,-1,-1,-3,-1,1,2340
182,54,1,191,5,-1,99999,-1,-1,-3,-1,1,2340
183,54,1,12,6,-1,99999,-1,-1,-3,-1,1,2340
184,54,1,144,4,-1,99999,-1,-1,-3,-1,1,2340
185,55,1,4,10,-1,99999,-1,-1,-3,-1,1,2400
186,56,1,1,4,-1,99999,-1,-1,-3,-1,1,2400
187,57,1,9,8,-1,99999,-1,-1,-3,-1,1,2400
188,57,1,133,3,-1,99999,-1,-1,-3,-1,1,2400
189,57,1,109,4,-1,99999,-1,-1,-3,-1,1,2400
190,58,1,31,4,-1,99999,-1,-1,-3,-1,1,2460
191,58,1,0,5,-1,99999,-1,-1,-3,-1,1,2460
192,59,1,44,8,-1,99999,-1,-1,-3,-1,1,2460
193,59,1,14,4,-1,99999,-1,-1,-3,-1,1,2460
194,59,1,3,8,-1,99999,-1,-1,-3,-1,1,2460
195,59,1,23,3,-1,99999,-1,-1,-3,-1,1,2460
196,60,1,272,6,-1,99999,-1,-1,-3,-1,1,2520
197,60,1,439,4,-1,99999,-1,-1,-3,-1,1,2520
198,60,1,1,3,-1,99999,-1,-1,-3,-1,1,2520
199,60,1,15,5,-1,99999,-1,-1,-3,-1,1,2520
200,61,1,36,6,-1,99999,-1,-1,-3,-1,1,2520
201,61,1,67,8,-1,99999,-1,-1,-3,-1,1,2520
202,61,1,72,6,-1,99999,-1,-1,-3,-1,1,2520
203,61,1,40,9,-1,99999,-1,-1,-3,-1,1,2520
204,62,1,177,2,-1,99999,-1,-1,-3,-1,1,2520
205,63,1,3,11,-1,99999,-1,-1,-3,-1,1,2520
206,63,1,10,12,-1,99999,-1,-1,-3,-1,1,2520
207,63,1,148,8,-1,99999,-1,-1,-3,-1,1,2520
208,63,1,187,6,-1,99999,-1,-1,-3,-1,1,2520
209,64,1,343,2,-1,99999,-1,-1,-3,-1,1,2580
210,64,1,9,8,-1,99999,-1,-1,-3,-1,1,2580
211,64,1,134,8,-1,99999,-1,-1,-3,-1,1,2580
212,65,1,350,12,-1,99999,-1,-1,-3,-1,1,2640
213,65,1,34,8,-1,99999,-1,-1,-3,-1,1,2640
214,65,1,1,10,-1,99999,-1,-1,-3,-1,1,2640
215,65,1,357,6,-1,99999,-1,-1,-3,-1,1,2640
216,66,1,27,9,-1,99999,-1,-1,-3,-1,1,2760
217,66,1,46,8,-1,99999,-1,-1,-3,-1,1,2760
218,67,1,3,5,-1,99999,-1,-1,-3,-1,1,2820
219,67,1,44,6,-1,99999,-1,-1,-3,-1,1,2820
220,67,1,23,8,-1,99999,-1,-1,-3,-1,1,2820
221,67,1,46,7,-1,99999,-1,-1,-3,-1,1,2820
222,67,1,45,4,-1,99999,-1,-1,-3,-1,1,2820
223,68,1,197,10,-1,99999,-1,-1,-3,-1,1,2820
224,69,1,224,7,-1,99999,-1,-1,-3,-1,1,2880
225,69,1,72,10,-1,99999,-1,-1,-3,-1,1,2880
226,69,1,70,1,-1,99999,-1,-1,-3,-1,1,2880
227,69,1,19,9,-1,99999,-1,-1,-3,-1,1,2880
228,69,1,118,3,-1,99999,-1,-1,-3,-1,1,2880
229,69,1,227,9,-1,99999,-1,-1,-3,-1,1,2880
230,70,1,53,5,-1,99999,-1,-1,-3,-1,1,2940
231,71,1,17,11,-1,99999,-1,-1,-3,-1,1,2940
232,71,1,38,7,-1,99999,-1,-1,-3,-1,1,2940
233,72,1,60,12,-1,99999,-1,-1,-3,-1,1,3000
234,72,1,1,8,-1,99999,-1,-1,-3,-1,1,3000
235,72,1,225,8,-1,99999,-1,-1,-3,-1,1,3000
236,72,1,85,2,-1,99999,-1,-1,-3,-1,1,3000
237,72,1,38,6,-1,99999,-1,-1,-3,-1,1,3000
238,72,1,104,2,-1,99999,-1,-1,-3,-1,1,3000
239,73,1,191,5,-1,99999,-1,-1,-3,-1,1,3000
240,73,1,451,6,-1,99999,-1,-1,-3,-1,1,3000
241,73,1,0,10,-1,99999,-1,-1,-3,-1,1,3000
242,73,1,62,4,-1,99999,-1,-1,-3,-1,1,3000
243,73,1,308,2,-1,99999,-1,-1,-3,-1,1,3000
244,74,1,487,4,-1,99999,-1,-1,-3,-1,1,3000
245,74,1,215,7,-1,99999,-1,-1,-3,-1,1,3000
246,74,1,9,9,-1,99999,-1,-1,-3,-1,1,3000
247,74,1,0,9,-1,99999,-1,-1,-3,-1,1,3000
248,74,1,3,3,-1,99999,-1,-1,-3,-1,1,3000
249,75,1,116,7,-1,99999,-1,-1,-3,-1,1,3060
250,75,1,30,5,-1,99999,-1,-1,-3,-1,1,3060
251,75,1,18,11,-1,99999,-1,-1,-3,-1,1,3060
252,75,1,86,5,-1,99999,-1,-1,-3,-1,1,3060
253,76,1,14,8,-1,99999,-1,-1,-3,-1,1,3060
254,77,1,43,4,-1,99999,-1,-1,-3,-1,1,3180
255,77,1,154,2,-1,99999,-1,-1,-3,-1,1,3180
256,77,1,148,3,-1,99999,-1,-1,-3,-1,1,3180
257,77,1,23,8,-1,99999,-1,-1,-3,-1,1,3180
258,78,1,46,10,-1,99999,-1,-1,-3,-1,1,3240
259,79,1,115,1,-1,99999,-1,-1,-3,-1,1,3240
260,79,1,0,4,-1,99999,-1,-1,-3,-1,1,3240
261,80,1,78,4,-1,99999,-1,-1,-3,-1,1,3300
262,80,1,93,4,-1,99999,-1,-1,-3,-1,1,3300
263,81,1,20,5,-1,99999,-1,-1,-3,-1,1,3360
264,81,1,57,8,-1,99999,-1,-1,-3,-1,1,3360
265,81,1,28,8,-1,99999,-1,-1,-3,-1,1,3360
266,81,1,12,4,-1,99999,-1,-1,-3,-1,1,3360
267,81,1,354,9,-1,99999,-1,-1,-3,-1,1,3360
268,81,1,7,6,-1,99999,-1,-1,-3,-1,1,3360
269,81,1,0,7,-1,99999,-1,-1,-3,-1,1,3360
270,81,1,47,4,-1,99999,-1,-1,-3,-1,1,3360
271,81,1,10,9,-1,99999,-1,-1,-3,-1,1,3360
272,81,1,151,10,-1,99999,-1,-1,-3,-1,1,3360
273,81,1,13,8,-1,99999,-1,-1,-3,-1,1,3360
274,81,1,17,8,-1,99999,-1,-1,-3,-1,1,3360
275,81,1,1,6,-1,99999,-1,-1,-3,-1,1,3360
276,82,1,55,6,-1,99999,-1,-1,-3,-1,1,3360
277,83,1,273,3,-1,99999,-1,-1,-3,-1,1,3360
278,83,1,0,6,-1,99999,-1,-1,-3,-1,1,3360
279,83,1,15,4,-1,99999,-1,-1,-3,-1,1,3360
280,83,1,176,2,-1,99999,-1,-1,-3,-1,1,3360
281,83,1,2,6,-1,99999,-1,-1,-3,-1,1,3360
282,83,1,177,10,-1,99999,-1,-1,-3,-1,1,3360
283,83,1,48,8,-1,99999,-1,-1,-3,-1,1,3360
284,83,1,144,4,-1,99999,-1,-1,-3,-1,1,3360
285,83,1,61,7,-1,99999,-1,-1,-3,-1,1,3360
286,83,1,38,6,-1,99999,-1,-1,-3,-1,1,3360
287,83,1,33,12,-1,99999,-1,-1,-3,-1,1,3360
288,83,1,19,4,-1,99999,-1,-1,-3,-1,1,3360
289,84,1,90,2,-1,99999,-1,-1,-3,-1,1,3420
290,85,1,18,9,-1,99999,-1,-1,-3,-1,1,3420
291,85,1,32,8,-1,99999,-1,-1,-3,-1,1,3420
292,86,1,38,7,-1,99999,-1,-1,-3,-1,1,3420
293,87,1,4,8,-1,99999,-1,-1,-3,-1,1,3540
294,87,1,162,9,-1,99999,-1,-1,-3,-1,1,3540
295,88,1,50,9,-1,99999,-1,-1,-3,-1,1,3540
296,89,1,12,4,-1,99999,-1,-1,-3,-1,1,3540
297,90,1,18,6,-1,99999,-1,-1,-3,-1,1,3600
298,90,1,146,9,-1,99999,-1,-1,-3,-1,1,3600
299,91,1,144,8,-1,99999,-1,-1,-3,-1,1,3600
300,91,1,106,5,-1,99999,-1,-1,-3,-1,1,3600
301,91,1,41,8,-1,99999,-1,-1,-3,-1,1,3600
302,91,1,196,5,-1,99999,-1,-1,-3,-1,1,3600
303,91,1,15,7,-1,99999,-1,-1,-3,-1,1,3600
304,91,1,46,6,-1,99999,-1,-1,-3,-1,1,3600
305,91,1,28,5,-1,99999,-1,-1,-3,-1,1,3600
306,91,1,1,2,-1,99999,-1,-1,-3,-1,1,3600
307,91,1,7,4,-1,99999,-1,-1,-3,-1,1,3600
308,91,1,491,4,-1,99999,-1,-1,-3,-1,1,3600
309,91,1,33,4,-1,99999,-1,-1,-3,-1,1,3600
310,91,1,40,4,-1,99999,-1,-1,-3,-1,1,3600
311,91,1,48,7,-1,99999,-1,-1,-3,-1,1,3600
312,92,1,41,4,-1,99999,-1,-1,-3,-1,1,3660
313,93,1,7,6,-1,99999,-1,-1,-3,-1,1,3660
314,94,1,25,10,-1,99999,-1,-1,-3,-1,1,3660
315,95,1,41,4,-1,99999,-1,-1,-3,-1,1,3720
316,95,1,242,2,-1,99999,-1,-1,-3,-1,1,3720
317,95,1,115,8,-1,99999,-1,-1,-3,-1,1,3720
318,96,1,6,9,-1,99999,-1,-1,-3,-1,1,3780
319,96,1,12,8,-1,99999,-1,-1,-3,-1,1,3780
320,96,1,47,8,-1,99999,-1,-1,-3,-1,1,3780
321,97,1,25,3,-1,99999,-1,-1,-3,-1,1,3780
322,98,1,85,9,-1,99999,-1,-1,-3,-1,1,3840
323,99,1,16,5,-1,99999,-1,-1,-3,-1,1,3540
324,99,1,37,2,-1,99999,-1,-1,-3,-1,1,3540
325,99,1,25,6,-1,99999,-1,-1,-3,-1,1,3540
326,100,1,24,10,-1,99999,-1,-1,-3,-1,1,3540
327,100,1,30,4,-1,99999,-1,-1,-3,-1,1,3540
328,101,1,12,8,-1,99999,-1,-1,-3,-1,1,3600
329,101,1,4,7,-1,99999,-1,-1,-3,-1,1,3600
330,101,1,32,7,-1,99999,-1,-1,-3,-1,1,3600
331,101,1,33,7,-1,99999,-1,-1,-3,-1,1,3600
332,102,1,119,10,-1,99999,-1,-1,-3,-1,1,3600
333,102,1,94,5,-1,99999,-1,-1,-3,-1,1,3600
334,102,1,8,7,-1,99999,-1,-1,-3,-1,1,3600
335,102,1,7,2,-1,99999,-1,-1,-3,-1,1,3600
336,102,1,99,4,-1,99999,-1,-1,-3,-1,1,3600
337,102,1,83,2,-1,99999,-1,-1,-3,-1,1,3600
338,103,1,3,12,-1,99999,-1,-1,-3,-1,1,3660
339,104,1,7,8,-1,99999,-1,-1,-3,-1,1,3720
340,104,1,189,12,-1,99999,-1,-1,-3,-1,1,3720
341,104,1,15,2,-1,99999,-1,-1,-3,-1,1,3720
342,104,1,13,4,-1,99999,-1,-1,-3,-1,1,3720
343,105,1,2,6,-1,99999,-1,-1,-3,-1,1,3780
344,106,1,53,9,-1,99999,-1,-1,-3,-1,1,3780
345,107,1,40,3,-1,99999,-1,-1,-3,-1,1,3780
346,107,1,2,10,-1,99999,-1,-1,-3,-1,1,3780
347,107,1,163,7,-1,99999,-1,-1,-3,-1,1,3780
348,108,1,25,8,-1,99999,-1,-1,-3,-1,1,3840
349,109,1,39,2,-1,99999,-1,-1,-3,-1,1,3840
350,110,1,166,8,-1,99999,-1,-1,-3,-1,1,3840
351,110,1,46,8,-1,99999,-1,-1,-3,-1,1,3840
352,110,1,4,8,-1,99999,-1,-1,-3,-1,1,3840
353,110,1,13,7,-1,99999,-1,-1,-3,-1,1,3840
354,110,1,9,4,-1,99999,-1,-1,-3,-1,1,3840
355,110,1,20,10,-1,99999,-1,-1,-3,-1,1,3840
356,110,1,205,9,-1,99999,-1,-1,-3,-1,1,3840
357,110,1,47,12,-1,99999,-1,-1,-3,-1,1,3840
358,111,1,368,3,-1,99999,-1,-1,-3,-1,1,3840
359,111,1,398,10,-1,99999,-1,-1,-3,-1,1,3840
360,112,1,167,6,-1,99999,-1,-1,-3,-1,1,3900
361,112,1,4,2,-1,99999,-1,-1,-3,-1,1,3900
362,113,1,48,6,-1,99999,-1,-1,-3,-1,1,3900
363,113,1,41,4,-1,99999,-1,-1,-3,-1,1,3900
364,114,1,123,4,-1,99999,-1,-1,-3,-1,1,3960
365,115,1,21,4,-1,99999,-1,-1,-3,-1,1,4020
366,115,1,160,4,-1,99999,-1,-1,-3,-1,1,4020
367,115,1,94,6,-1,99999,-1,-1,-3,-1,1,4020
368,115,1,5,4,-1,99999,-1,-1,-3,-1,1,4020
369,115,1,108,6,-1,99999,-1,-1,-3,-1,1,4020
370,115,1,71,6,-1,99999,-1,-1,-3,-1,1,4020
371,115,1,48,10,-1,99999,-1,-1,-3,-1,1,4020
372,115,1,1,8,-1,99999,-1,-1,-3,-1,1,4020
373,115,1,433,7,-1,99999,-1,-1,-3,-1,1,4020
374,116,1,2,4,-1,99999,-1,-1,-3,-1,1,4020
375,116,1,19,10,-1,99999,-1,-1,-3,-1,1,4020
376,116,1,7,10,-1,99999,-1,-1,-3,-1,1,4020
377,116,1,127,8,-1,99999,-1,-1,-3,-1,1,4020
378,116,1,1,4,-1,99999,-1,-1,-3,-1,1,4020
379,117,1,43,1,-1,99999,-1,-1,-3,-1,1,4080
380,118,1,72,10,-1,99999,-1,-1,-3,-1,1,4080
381,119,1,75,5,-1,99999,-1,-1,-3,-1,1,4140
382,120,1,246,2,-1,99999,-1,-1,-3,-1,1,4140
383,120,1,0,4,-1,99999,-1,-1,-3,-1,1,4140
384,120,1,483,10,-1,99999,-1,-1,-3,-1,1,4140
385,120,1,194,4,-1,99999,-1,-1,-3,-1,1,4140
386,121,1,4,6,-1,99999,-1,-1,-3,-1,1,4140
387,122,1,21,2,-1,99999,-1,-1,-3,-1,1,4140
388,122,1,7,7,-1,99999,-1,-1,-3,-1,1,4140
389,123,1,2,6,-1,99999,-1,-1,-3,-1,1,4140
390,123,1,34,4,-1,99999,-1,-1,-3,-1,1,4140
391,123,1,17,10,-1,99999,-1,-1,-3,-1,1,4140
392,123,1,368,6,-1,99999,-1,-1,-3,-1,1,4140
393,124,1,96,6,-1,99999,-1,-1,-3,-1,1,4140
394,124,1,2,4,-1,99999,-1,-1,-3,-1,1,4140
395,124,1,218,1,-1,99999,-1,-1,-3,-1,1,4140
396,125,1,144,8,-1,99999,-1,-1,-3,-1,1,4200
397,125,1,36,4,-1,99999,-1,-1,-3,-1,1,4200
398,125,1,39,9,-1,99999,-1,-1,-3,-1,1,4200
399,125,1,0,7,-1,99999,-1,-1,-3,-1,1,4200
400,126,1,49,7,-1,99999,-1,-1,-3,-1,1,4200
401,127,1,1,10,-1,99999,-1,-1,-3,-1,1,4200
402,127,1,127,4,-1,99999,-1,-1,-3,-1,1,4200
403,128,1,25,7,-1,99999,-1,-1,-3,-1,1,4260
404,128,1,6,7,-1,99999,-1,-1,-3,-1,1,4260
405,128,1,420,12,-1,99999,-1,-1,-3,-1,1,4260
406,129,1,364,10,-1,99999,-1,-1,-3,-1,1,4260
407,129,1,85,6,-1,99999,-1,-1,-3,-1,1,4260
408,129,1,109,3,-1,99999,-1,-1,-3,-1,1,4260
409,129,1,19,8,-1,99999,-1,-1,-3,-1,1,4260
410,130,1,9,7,-1,99999,-1,-1,-3,-1,1,4320
411,130,1,28,4,-1,99999,-1,-1,-3,-1,1,4320
412,130,1,323,6,-1,99999,-1,-1,-3,-1,1,4320
413,130,1,149,11,-1,99999,-1,-1,-3,-1,1,4320
414,131,1,47,9,-1,99999,-1,-1,-3,-1,1,4320
415,132,1,145,9,-1,99999,-1,-1,-3,-1,1,4320
416,132,1,3,12,-1,99999,-1,-1,-3,-1,1,4320
417,132,1,95,6,-1,99999,-1,-1,-3,-1,1,4320
418,133,1,181,4,-1,99999,-1,-1,-3,-1,1,4320
419,133,1,1,10,-1,99999,-1,-1,-3,-1,1,4320
420,133,1,32,4,-1,99999,-1,-1,-3,-1,1,4320
421,133,1,2,7,-1,99999,-1,-1,-3,-1,1,4320
422,133,1,36,11,-1,99999,-1,-1,-3,-1,1,4320
423,133,1,80,4,-1,99999,-1,-1,-3,-1,1,4320
424,133,1,39,7,-1,99999,-1,-1,-3,-1,1,4320
425,133,1,38,11,-1,99999,-1,-1,-3,-1,1,4320
426,133,1,45,3,-1,99999,-1,-1,-3,-1,1,4320
427,133,1,6,4,-1,99999,-1,-1,-3,-1,1,4320
428,133,1,30,2,-1,99999,-1,-1,-3,-1,1,4320
429,134,1,27,11,-1,99999,-1,-1,-3,-1,1,4320
430,134,1,454,2,-1,99999,-1,-1,-3,-1,1,4320
431,135,1,54,6,-1,99999,-1,-1,-3,-1,1,4320
432,136,1,190,4,-1,99999,-1,-1,-3,-1,1,4380
433,136,1,15,7,-1,99999,-1,-1,-3,-1,1,4380
434,136,1,23,12,-1,99999,-1,-1,-3,-1,1,4380
435,136,1,12,3,-1,99999,-1,-1,-3,-1,1,4380
436,136,1,11,2,-1,99999,-1,-1,-3,-1,1,4380
437,137,1,2,4,-1,99999,-1,-1,-3,-1,1,4380
438,137,1,1,6,-1,99999,-1,-1,-3,-1,1,4380
439,137,1,112,8,-1,99999,-1,-1,-3,-1,1,4380
440,137,1,16,10,-1,99999,-1,-1,-3,-1,1,4380
441,137,1,232,10,-1,99999,-1,-1,-3,-1,1,4380
442,137,1,65,6,-1,99999,-1,-1,-3,-1,1,4380
443,137,1,24,9,-1,99999,-1,-1,-3,-1,1,4380
444,137,1,21,8,-1,99999,-1,-1,-3,-1,1,4380
445,137,1,20,6,-1,99999,-1,-1,-3,-1,1,4380
446,137,1,15,8,-1,99999,-1,-1,-3,-1,1,4380
447,138,1,206,6,-1,99999,-1,-1,-3,-1,1,4500
448,138,1,33,5,-1,99999,-1,-1,-3,-1,1,4500
449,138,1,2,11,-1,99999,-1,-1,-3,-1,1,4500
450,138,1,354,10,-1,99999,-1,-1,-3,-1,1,4500
451,138,1,1,11,-1,99999,-1,-1,-3,-1,1,4500
452,138,1,125,7,-1,99999,-1,-1,-3,-1,1,4500
453,138,1,11,7,-1,99999,-1,-1,-3,-1,1,4500
454,138,1,7,2,-1,99999,-1,-1,-3,-1,1,4500
455,138,1,34,5,-1,99999,-1,-1,-3,-1,1,4500
456,139,1,145,8,-1,99999,-1,-1,-3,-1,1,4560
457,139,1,38,6,-1,99999,-1,-1,-3,-1,1,4560
458,140,1,25,6,-1,99999,-1,-1,-3,-1,1,4620
459,140,1,24,2,-1,99999,-1,-1,-3,-1,1,4620
460,140,1,11,4,-1,99999,-1,-1,-3,-1,1,4620
461,140,1,14,4,-1,99999,-1,-1,-3,-1,1,4620
462,141,1,426,7,-1,99999,-1,-1,-3,-1,1,4680
463,142,1,30,8,-1,99999,-1,-1,-3,-1,1,4680
464,142,1,5,10,-1,99999,-1,-1,-3,-1,1,4680
465,142,1,10,10,-1,99999,-1,-1,-3,-1,1,4680
466,143,1,44,8,-1,99999,-1,-1,-3,-1,1,4860
467,144,1,7,4,-1,99999,-1,-1,-3,-1,1,4860
468,144,1,4,9,-1,99999,-1,-1,-3,-1,1,4860
469,145,1,332,6,-1,99999,-1,-1,-3,-1,1,4860
470,145,1,225,8,-1,99999,-1,-1,-3,-1,1,4860
471,145,1,148,8,-1,99999,-1,-1,-3,-1,1,4860
472,145,1,20,8,-1,99999,-1,-1,-3,-1,1,4860
473,145,1,413,2,-1,99999,-1,-1,-3,-1,1,4860
474,146,1,0,11,-1,99999,-1,-1,-3,-1,1,4920
475,146,1,40,7,-1,99999,-1,-1,-3,-1,1,4920
476,146,1,15,10,-1,99999,-1,-1,-3,-1,1,4920
477,146,1,27,2,-1,99999,-1,-1,-3,-1,1,4920
478,146,1,22,9,-1,99999,-1,-1,-3,-1,1,4920
479,147,1,15,4,-1,99999,-1,-1,-3,-1,1,4920
480,148,1,3,9,-1,99999,-1,-1,-3,-1,1,4980
481,148,1,135,4,-1,99999,-1,-1,-3,-1,1,4980
482,148,1,163,4,-1,99999,-1,-1,-3,-1,1,4980
483,149,1,26,8,-1,99999,-1,-1,-3,-1,1,4980
484,149,1,0,4,-1,99999,-1,-1,-3,-1,1,4980
485,150,1,165,4,-1,99999,-1,-1,-3,-1,1,5040
486,150,1,32,6,-1,99999,-1,-1,-3,-1,1,5040
487,150,1,493,5,-1,99999,-1,-1,-3,-1,1,5040
488,150,1,57,4,-1,99999,-1,-1,-3,-1,1,5040
489,150,1,273,8,-1,99999,-1,-1,-3,-1,1,5040
490,150,1,27,8,-1,99999,-1,-1,-3,-1,1,5040
491,150,1,11,4,-1,99999,-1,-1,-3,-1,1,5040
492,150,1,113,10,-1,99999,-1,-1,-3,-1,1,5040
493,150,1,30,4,-1,99999,-1,-1,-3,-1,1,5040
494,150,1,123,7,-1,99999,-1,-1,-3,-1,1,5040
495,150,1,37,7,-1,99999,-1,-1,-3,-1,1,5040
496,151,1,157,2,-1,99999,-1,-1,-3,-1,1,5100
497,151,1,7,6,-1,99999,-1,-1,-3,-1,1,5100
498,152,1,97,8,-1,99999,-1,-1,-3,-1,1,5100
499,153,1,134,6,-1,99999,-1,-1,-3,-1,1,5160
500,153,1,59,4,-1,99999,-1,-1,-3,-1,1,5160
501,154,1,109,10,-1,99999,-1,-1,-3,-1,1,5220
502,154,1,52,8,-1,99999,-1,-1,-3,-1,1,5220
503,154,1,0,2,-1,99999,-1,-1,-3,-1,1,5220
504,155,1,0,8,-1,99999,-1,-1,-3,-1,1,5220
505,155,1,45,2,-1,99999,-1,-1,-3,-1,1,5220
506,156,1,16,4,-1,99999,-1,-1,-3,-1,1,5220
507,156,1,3,9,-1,99999,-1,-1,-3,-1,1,5220
508,156,1,201,10,-1,99999,-1,-1,-3,-1,1,5220
509,156,1,12,10,-1,99999,-1,-1,-3,-1,1,5220
510,157,1,136,6,-1,99999,-1,-1,-3,-1,1,5220
511,157,1,2,10,-1,99999,-1,-1,-3,-1,1,5220
512,157,1,46,3,-1,99999,-1,-1,-3,-1,1,5220
513,157,1,152,7,-1,99999,-1,-1,-3,-1,1,5220
514,158,1,131,2,-1,99999,-1,-1,-3,-1,1,5280
515,159,1,7,10,-1,99999,-1,-1,-3,-1,1,5340
516,160,1,90,8,-1,99999,-1,-1,-3,-1,1,5340
517,161,1,264,4,-1,99999,-1,-1,-3,-1,1,5400
518,161,1,1,8,-1,99999,-1,-1,-3,-1,1,5400
519,161,1,45,6,-1,99999,-1,-1,-3,-1,1,5400
520,161,1,39,2,-1,99999,-1,-1,-3,-1,1,5400
521,161,1,0,6,-1,99999,-1,-1,-3,-1,1,5400
522,161,1,48,8,-1,99999,-1,-1,-3,-1,1,5400
523,161,1,19,10,-1,99999,-1,-1,-3,-1,1,5400
524,161,1,43,2,-1,99999,-1,-1,-3,-1,1,5400
525,161,1,4,6,-1,99999,-1,-1,-3,-1,1,5400
526,162,1,41,4,-1,99999,-1,-1,-3,-1,1,5460
527,163,1,29,4,-1,99999,-1,-1,-3,-1,1,5460
528,163,1,84,4,-1,99999,-1,-1,-3,-1,1,5460
529,163,1,5,5,-1,99999,-1,-1,-3,-1,1,5460
530,164,1,359,7,-1,99999,-1,-1,-3,-1,1,5460
531,165,1,2,8,-1,99999,-1,-1,-3,-1,1,5460
532,165,1,12,7,-1,99999,-1,-1,-3,-1,1,5460
533,166,1,17,6,-1,99999,-1,-1,-3,-1,1,5520
534,166,1,120,10,-1,99999,-1,-1,-3,-1,1,5520
535,166,1,55,6,-1,99999,-1,-1,-3,-1,1,5520
536,166,1,13,8,-1,99999,-1,-1,-3,-1,1,5520
537,166,1,0,6,-1,99999,-1,-1,-3,-1,1,5520
538,167,1,10,5,-1,99999,-1,-1,-3,-1,1,5580
539,168,1,1,11,-1,99999,-1,-1,-3,-1,1,5580
540,169,1,112,3,-1,99999,-1,-1,-3,-1,1,5640
541,169,1,14,6,-1,99999,-1,-1,-3,-1,1,5640
542,169,1,6,8,-1,99999,-1,-1,-3,-1,1,5640
543,170,1,8,2,-1,99999,-1,-1,-3,-1,1,5640
544,171,1,16,6,-1,99999,-1,-1,-3,-1,1,5640
545,171,1,124,4,-1,99999,-1,-1,-3,-1,1,5640
546,172,1,352,11,-1,99999,-1,-1,-3,-1,1,5700
547,173,1,45,6,-1,99999,-1,-1,-3,-1,1,5760
548,173,1,135,6,-1,99999,-1,-1,-3,-1,1,5760
549,173,1,103,4,-1,99999,-1,-1,-3,-1,1,5760
550,173,1,35,9,-1,99999,-1,-1,-3,-1,1,5760
551,173,1,70,10,-1,99999,-1,-1,-3,-1,1,5760
552,174,1,3,8,-1,99999,-1,-1,-3,-1,1,5760
553,174,1,18,2,-1,99999,-1,-1,-3,-1,1,5760
554,174,1,141,5,-1,99999,-1,-1,-3,-1,1,5760
555,174,1,344,10,-1,99999,-1,-1,-3,-1,1,5760
556,174,1,158,8,-1,99999,-1,-1,-3,-1,1,5760
557,175,1,118,8,-1,99999,-1,-1,-3,-1,1,5880
558,176,1,24,9,-1,99999,-1,-1,-3,-1,1,5880
559,177,1,9,9,-1,99999,-1,-1,-3,-1,1,5880
560,177,1,1,3,-1,99999,-1,-1,-3,-1,1,5880
561,177,1,100,6,-1,99999,-1,-1,-3,-1,1,5880
562,178,1,121,4,-1,99999,-1,-1,-3,-1,1,5940
563,178,1,214,8,-1,99999,-1,-1,-3,-1,1,5940
564,179,1,199,8,-1,99999,-1,-1,-3,-1,1,6000
565,180,1,0,6,-1,99999,-1,-1,-3,-1,1,6000
566,180,1,384,4,-1,99999,-1,-1,-3,-1,1,6000
567,181,1,38,8,-1,99999,-1,-1,-3,-1,1,6000
568,181,1,37,2,-1,99999,-1,-1,-3,-1,1,6000
569,181,1,43,10,-1,99999,-1,-1,-3,-1,1,6000
570,182,1,24,9,-1,99999,-1,-1,-3,-1,1,6120
571,182,1,346,6,-1,99999,-1,-1,-3,-1,1,6120
572,182,1,192,9,-1,99999,-1,-1,-3,-1,1,6120
573,182,1,15,10,-1,99999,-1,-1,-3,-1,1,6120
574,183,1,57,9,-1,99999,-1,-1,-3,-1,1,6180
575,183,1,85,6,-1,99999,-1,-1,-3,-1,1,6180
576,183,1,16,10,-1,99999,-1,-1,-3,-1,1,6180
577,183,1,17,6,-1,99999,-1,-1,-3,-1,1,6180
578,184,1,38,6,-1,99999,-1,-1,-3,-1,1,6300
579,184,1,102,8,-1,99999,-1,-1,-3,-1,1,6300
580,184,1,166,4,-1,99999,-1,-1,-3,-1,1,6300
581,185,1,149,2,-1,99999,-1,-1,-3,-1,1,6360
582,185,1,3,6,-1,99999,-1,-1,-3,-1,1,6360
583,185,1,47,3,-1,99999,-1,-1,-3,-1,1,6360
584,185,1,96,10,-1,99999,-1,-1,-3,-1,1,6360
585,185,1,11,11,-1,99999,-1,-1,-3,-1,1,6360
586,185,1,63,7,-1,99999,-1,-1,-3,-1,1,6360
587,185,1,22,4,-1,99999,-1,-1,-3,-1,1,6360
588,185,1,54,8,-1,99999,-1,-1,-3,-1,1,6360
589,185,1,29,12,-1,99999,-1,-1,-3,-1,1,6360
590,185,1,143,4,-1,99999,-1,-1,-3,-1,1,6360
591,186,1,465,8,-1,99999,-1,-1,-3,-1,1,6360
592,186,1,46,8,-1,99999,-1,-1,-3,-1,1,6360
593,186,1,22,7,-1,99999,-1,-1,-3,-1,1,6360
594,187,1,87,5,-1,99999,-1,-1,-3,-1,1,6360
595,188,1,71,7,-1,99999,-1,-1,-3,-1,1,6420
596,188,1,13,7,-1,99999,-1,-1,-3,-1,1,6420
597,189,1,6,7,-1,99999,-1,-1,-3,-1,1,6420
598,190,1,46,6,-1,99999,-1,-1,-3,-1,1,6420
599,190,1,2,4,-1,99999,-1,-1,-3,-1,1,6420
600,190,1,19,5,-1,99999,-1,-1,-3,-1,1,6420
601,190,1,30,1,-1,99999,-1,-1,-3,-1,1,6420
602,190,1,307,4,-1,99999,-1,-1,-3,-1,1,6420
603,190,1,186,7,-1,99999,-1,-1,-3,-1,1,6420
604,190,1,9,10,-1,99999,-1,-1,-3,-1,1,6420
605,190,1,108,8,-1,99999,-1,-1,-3,-1,1,6420
606,191,1,32,10,-1,99999,-1,-1,-3,-1,1,6420
607,192,1,16,2,-1,99999,-1,-1,-3,-1,1,6480
608,192,1,220,8,-1,99999,-1,-1,-3,-1,1,6480
609,192,1,5,11,-1,99999,-1,-1,-3,-1,1,6480
610,193,1,52,10,-1,99999,-1,-1,-3,-1,1,6540
611,194,1,16,3,-1,99999,-1,-1,-3,-1,1,6660
612,194,1,38,8,-1,99999,-1,-1,-3,-1,1,6660
613,195,1,46,8,-1,99999,-1,-1,-3,-1,1,6720
614,195,1,149,12,-1,99999,-1,-1,-3,-1,1,6720
615,195,1,25,7,-1,99999,-1,-1,-3,-1,1,6720
616,195,1,82,1,-1,99999,-1,-1,-3,-1,1,6720
617,195,1,9,5,-1,99999,-1,-1,-3,-1,1,6720
618,195,1,54,2,-1,99999,-1,-1,-3,-1,1,6720
619,196,1,41,8,-1,99999,-1,-1,-3,-1,1,6720
620,196,1,93,4,-1,99999,-1,-1,-3,-1,1,6720
621,196,1,49,5,-1,99999,-1,-1,-3,-1,1,6720
622,196,1,272,12,-1,99999,-1,-1,-3,-1,1,6720
623,196,1,150,6,-1,99999,-1,-1,-3,-1,1,6720
624,196,1,123,5,-1,99999,-1,-1,-3,-1,1,6720
625,196,1,10,10,-1,99999,-1,-1,-3,-1,1,6720
626,196,1,300,4,-1,99999,-1,-1,-3,-1,1,6720
627,197,1,40,11,-1,99999,-1,-1,-3,-1,1,6720
628,197,1,462,10,-1,99999,-1,-1,-3,-1,1,6720
629,197,1,20,7,-1,99999,-1,-1,-3,-1,1,6720
630,197,1,190,6,-1,99999,-1,-1,-3,-1,1,6720
631,198,1,137,10,-1,99999,-1,-1,-3,-1,1,6780
632,198,1,33,5,-1,99999,-1,-1,-3,-1,1,6780
633,199,1,51,9,-1,99999,-1,-1,-3,-1,1,6900
634,199,1,155,12,-1,99999,-1,-1,-3,-1,1,6900
635,200,1,41,6,-1,99999,-1,-1,-3,-1,1,6900
636,200,1,9,9,-1,99999,-1,-1,-3,-1,1,6900
637,200,1,57,6,-1,99999,-1,-1,-3,-1,1,6900
638,200,1,4,8,-1,99999,-1,-1,-3,-1,1,6900
639,200,1,2,4,-1,99999,-1,-1,-3,-1,1,6900
640,200,1,314,8,-1,99999,-1,-1,-3,-1,1,6900
641,201,1,41,4,-1,99999,-1,-1,-3,-1,1,6900
642,201,1,39,3,-1,99999,-1,-1,-3,-1,1,6900
643,202,1,99,3,-1,99999,-1,-1,-3,-1,1,6960
644,202,1,20,1,-1,99999,-1,-1,-3,-1,1,6960
645,203,1,1,9,-1,99999,-1,-1,-3,-1,1,7080
646,203,1,4,5,-1,99999,-1,-1,-3,-1,1,7080
647,203,1,201,6,-1,99999,-1,-1,-3,-1,1,7080
648,203,1,2,7,-1,99999,-1,-1,-3,-1,1,7080
649,204,1,120,2,-1,99999,-1,-1,-3,-1,1,7080
650,204,1,191,7,-1,99999,-1,-1,-3,-1,1,7080
651,205,1,58,3,-1,99999,-1,-1,-3,-1,1,7140
652,206,1,40,12,-1,99999,-1,-1,-3,-1,1,7200
653,207,1,29,11,-1,99999,-1,-1,-3,-1,1,7200
654,208,1,29,5,-1,99999,-1,-1,-3,-1,1,7200
655,208,1,28,4,-1,99999,-1,-1,-3,-1,1,7200
656,209,1,486,2,-1,99999,-1,-1,-3,-1,1,7260
657,209,1,49,4,-1,99999,-1,-1,-3,-1,1,7260
658,209,1,18,6,-1,99999,-1,-1,-3,-1,1,7260
659,209,1,47,9,-1,99999,-1,-1,-3,-1,1,7260
660,209,1,38,6,-1,99999,-1,-1,-3,-1,1,7260
661,210,1,188,6,-1,99999,-1,-1,-3,-1,1,7260
662,210,1,25,6,-1,99999,-1,-1,-3,-1,1,7260
663,210,1,39,4,-1,99999,-1,-1,-3,-1,1,7260
664,210,1,22,8,-1,99999,-1,-1,-3,-1,1,7260
665,210,1,193,3,-1,99999,-1,-1,-3,-1,1,7260
666,210,1,318,5,-1,99999,-1,-1,-3,-1,1,7260
667,210,1,35,2,-1,99999,-1,-1,-3,-1,1,7260
668,210,1,2,6,-1,99999,-1,-1,-3,-1,1,7260
669,210,1,20,5,-1,99999,-1,-1,-3,-1,1,7260
670,210,1,11,1,-1,99999,-1,-1,-3,-1,1,7260
671,210,1,46,4,-1,99999,-1,-1,-3,-1,1,7260
672,210,1,8,6,-1,99999,-1,-1,-3,-1,1,7260
673,211,1,2,2,-1,99999,-1,-1,-3,-1,1,7320
674,211,1,31,4,-1,99999,-1,-1,-3,-1,1,7320
675,212,1,21,6,-1,99999,-1,-1,-3,-1,1,7320
676,213,1,23,9,-1,99999,-1,-1,-3,-1,1,7320
677,214,1,15,6,-1,99999,-1,-1,-3,-1,1,7380
678,214,1,403,11,-1,99999,-1,-1,-3,-1,1,7380
679,214,1,0,12,-1,99999,-1,-1,-3,-1,1,7380
680,214,1,100,12,-1,99999,-1,-1,-3,-1,1,7380
681,214,1,11,2,-1,99999,-1,-1,-3,-1,1,7380
682,214,1,1,6,-1,99999,-1,-1,-3,-1,1,7380
683,215,1,7,8,-1,99999,-1,-1,-3,-1,1,7380
684,215,1,400,12,-1,99999,-1,-1,-3,-1,1,7380
685,215,1,434,7,-1,99999,-1,-1,-3,-1,1,7380
686,215,1,3,11,-1,99999,-1,-1,-3,-1,1,7380
687,215,1,12,10,-1,99999,-1,-1,-3,-1,1,7380
688,216,1,7,4,-1,99999,-1,-1,-3,-1,1,7380
689,216,1,1,1,-1,99999,-1,-1,-3,-1,1,7380
690,216,1,372,5,-1,99999,-1,-1,-3,-1,1,7380
691,217,1,21,10,-1,99999,-1,-1,-3,-1,1,7440
692,217,1,146,8,-1,99999,-1,-1,-3,-1,1,7440
693,217,1,14,10,-1,99999,-1,-1,-3,-1,1,7440
694,217,1,27,10,-1,99999,-1,-1,-3,-1,1,7440
695,217,1,132,3,-1,99999,-1,-1,-3,-1,1,7440
696,218,1,106,7,-1,99999,-1,-1,-3,-1,1,7500
697,218,1,90,9,-1,99999,-1,-1,-3,-1,1,7500
698,218,1,365,10,-1,99999,-1,-1,-3,-1,1,7500
699,219,1,239,6,-1,99999,-1,-1,-3,-1,1,7500
700,219,1,162,4,-1,99999,-1,-1,-3,-1,1,7500
701,220,1,179,6,-1,99999,-1,-1,-3,-1,1,7560
702,220,1,80,9,-1,99999,-1,-1,-3,-1,1,7560
703,220,1,165,3,-1,99999,-1,-1,-3,-1,1,7560
704,220,1,13,4,-1,99999,-1,-1,-3,-1,1,7560
705,220,1,197,1,-1,99999,-1,-1,-3,-1,1,7560
706,220,1,1,6,-1,99999,-1,-1,-3,-1,1,7560
707,220,1,45,7,-1,99999,-1,-1,-3,-1,1,7560
708,220,1,190,3,-1,99999,-1,-1,-3,-1,1,7560
709,220,1,22,8,-1,99999,-1,-1,-3,-1,1,7560
710,220,1,32,6,-1,99999,-1,-1,-3,-1,1,7560
711,220,1,397,8,-1,99999,-1,-1,-3,-1,1,7560
712,220,1,160,8,-1,99999,-1,-1,-3,-1,1,7560
713,220,1,18,5,-1,99999,-1,-1,-3,-1,1,7560
714,220,1,99,8,-1,99999,-1,-1,-3,-1,1,7560
715,220,1,463,11,-1,99999,-1,-1,-3,-1,1,7560
716,221,1,29,11,-1,99999,-1,-1,-3,-1,1,7680
717,222,1,0,8,-1,99999,-1,-1,-3,-1,1,7680
718,222,1,43,5,-1,99999,-1,-1,-3,-1,1,7680
719,222,1,391,2,-1,99999,-1,-1,-3,-1,1,7680
720,222,1,13,8,-1,99999,-1,-1,-3,-1,1,7680
721,222,1,47,4,-1,99999,-1,-1,-3,-1,1,7680
722,222,1,166,3,-1,99999,-1,-1,-3,-1,1,7680
723,223,1,2,6,-1,99999,-1,-1,-3,-1,1,7680
724,224,1,11,9,-1,99999,-1,-1,-3,-1,1,7740
725,225,1,38,6,-1,99999,-1,-1,-3,-1,1,7740
726,225,1,98,6,-1,99999,-1,-1,-3,-1,1,7740
727,226,1,42,4,-1,99999,-1,-1,-3,-1,1,7860
728,227,1,196,10,-1,99999,-1,-1,-3,-1,1,7860
729,227,1,12,5,-1,99999,-1,-1,-3,-1,1,7860
730,228,1,119,7,-1,99999,-1,-1,-3,-1,1,7980
731,228,1,36,12,-1,99999,-1,-1,-3,-1,1,7980
732,228,1,19,4,-1,99999,-1,-1,-3,-1,1,7980
733,229,1,64,8,-1,99999,-1,-1,-3,-1,1,8040
734,229,1,27,5,-1,99999,-1,-1,-3,-1,1,8040
735,229,1,144,8,-1,99999,-1,-1,-3,-1,1,8040
736,229,1,13,8,-1,99999,-1,-1,-3,-1,1,8040
737,229,1,15,5,-1,99999,-1,-1,-3,-1,1,8040
738,229,1,3,8,-1,99999,-1,-1,-3,-1,1,8040
739,229,1,88,4,-1,99999,-1,-1,-3,-1,1,8040
740,229,1,62,4,-1,99999,-1,-1,-3,-1,1,8040
741,229,1,173,4,-1,99999,-1,-1,-3,-1,1,8040
742,229,1,25,6,-1,99999,-1,-1,-3,-1,1,8040
743,229,1,6,4,-1,99999,-1,-1,-3,-1,1,8040
744,230,1,4,8,-1,99999,-1,-1,-3,-1,1,8100
745,230,1,26,6,-1,99999,-1,-1,-3,-1,1,8100
746,231,1,89,8,-1,99999,-1,-1,-3,-1,1,8100
747,231,1,56,12,-1,99999,-1,-1,-3,-1,1,8100
748,231,1,44,10,-1,99999,-1,-1,-3,-1,1,8100
749,232,1,8,7,-1,99999,-1,-1,-3,-1,1,8160
750,232,1,14,10,-1,99999,-1,-1,-3,-1,1,8160
751,232,1,1,6,-1,99999,-1,-1,-3,-1,1,8160
752,233,1,84,11,-1,99999,-1,-1,-3,-1,1,8160
753,234,1,74,9,-1,99999,-1,-1,-3,-1,1,8160
754,234,1,55,10,-1,99999,-1,-1,-3,-1,1,8160
755,235,1,122,4,-1,99999,-1,-1,-3,-1,1,8220
756,236,1,26,8,-1,99999,-1,-1,-3,-1,1,8220
757,236,1,0,9,-1,99999,-1,-1,-3,-1,1,8220
758,236,1,9,10,-1,99999,-1,-1,-3,-1,1,8220
759,237,1,20,6,-1,99999,-1,-1,-3,-1,1,8340
760,237,1,27,11,-1,99999,-1,-1,-3,-1,1,8340
761,237,1,38,2,-1,99999,-1,-1,-3,-1,1,8340
762,237,1,77,2,-1,99999,-1,-1,-3,-1,1,8340
763,237,1,184,6,-1,99999,-1,-1,-3,-1,1,8340
764,237,1,2,4,-1,99999,-1,-1,-3,-1,1,8340
765,237,1,8,2,-1,99999,-1,-1,-3,-1,1,8340
766,238,1,27,11,-1,99999,-1,-1,-3,-1,1,8400
767,239,1,30,10,-1,99999,-1,-1,-3,-1,1,8460
768,239,1,189,8,-1,99999,-1,-1,-3,-1,1,8460
769,240,1,33,8,-1,99999,-1,-1,-3,-1,1,8520
770,240,1,4,6,-1,99999,-1,-1,-3,-1,1,8520
771,240,1,156,12,-1,99999,-1,-1,-3,-1,1,8520
772,241,1,17,6,-1,99999,-1,-1,-3,-1,1,8520
773,241,1,9,4,-1,99999,-1,-1,-3,-1,1,8520
774,242,1,22,8,-1,99999,-1,-1,-3,-1,1,8640
775,242,1,48,8,-1,99999,-1,-1,-3,-1,1,8640
776,242,1,0,9,-1,99999,-1,-1,-3,-1,1,8640
777,243,1,15,10,-1,99999,-1,-1,-3,-1,1,8700
778,243,1,60,2,-1,99999,-1,-1,-3,-1,1,8700
779,243,1,193,2,-1,99999,-1,-1,-3,-1,1,8700
780,243,1,64,7,-1,99999,-1,-1,-3,-1,1,8700
781,243,1,17,12,-1,99999,-1,-1,-3,-1,1,8700
782,243,1,23,10,-1,99999,-1,-1,-3,-1,1,8700
783,243,1,5,8,-1,99999,-1,-1,-3,-1,1,8700
784,243,1,79,8,-1,99999,-1,-1,-3,-1,1,8700
785,244,1,8,7,-1,99999,-1,-1,-3,-1,1,8700
786,244,1,38,6,-1,99999,-1,-1,-3,-1,1,8700
787,244,1,9,10,-1,99999,-1,-1,-3,-1,1,8700
788,244,1,27,3,-1,99999,-1,-1,-3,-1,1,8700
789,245,1,0,6,-1,99999,-1,-1,-3,-1,1,8760
790,246,1,13,7,-1,99999,-1,-1,-3,-1,1,8820
791,246,1,82,6,-1,99999,-1,-1,-3,-1,1,8820
792,246,1,22,11,-1,99999,-1,-1,-3,-1,1,8820
793,247,1,27,8,-1,99999,-1,-1,-3,-1,1,8880
794,248,1,37,8,-1,99999,-1,-1,-3,-1,1,8880
795,248,1,25,6,-1,99999,-1,-1,-3,-1,1,8880
796,248,1,6,4,-1,99999,-1,-1,-3,-1,1,8880
797,248,1,174,12,-1,99999,-1,-1,-3,-1,1,8880
798,249,1,13,5,-1,99999,-1,-1,-3,-1,1,8940
799,249,1,123,8,-1,99999,-1,-1,-3,-1,1,8940
800,250,1,165,8,-1,99999,-1,-1,-3,-1,1,8940
801,250,1,15,3,-1,99999,-1,-1,-3,-1,1,8940
802,251,1,33,6,-1,99999,-1,-1,-3,-1,1,8940
803,252,1,5,7,-1,99999,-1,-1,-3,-1,1,8940
804,252,1,7,6,-1,99999,-1,-1,-3,-1,1,8940
805,252,1,94,3,-1,99999,-1,-1,-3,-1,1,8940
806,252,1,158,2,-1,99999,-1,-1,-3,-1,1,8940
807,252,1,9,4,-1,99999,-1,-1,-3,-1,1,8940
808,252,1,301,8,-1,99999,-1,-1,-3,-1,1,8940
809,252,1,28,7,-1,99999,-1,-1,-3,-1,1,8940
810,252,1,198,4,-1,99999,-1,-1,-3,-1,1,8940
811,252,1,451,8,-1,99999,-1,-1,-3,-1,1,8940
812,252,1,197,7,-1,99999,-1,-1,-3,-1,1,8940
813,252,1,30,4,-1,99999,-1,-1,-3,-1,1,8940
814,252,1,115,11,-1,99999,-1,-1,-3,-1,1,8940
815,252,1,49,4,-1,99999,-1,-1,-3,-1,1,8940
816,252,1,235,8,-1,99999,-1,-1,-3,-1,1,8940
817,252,1,77,6,-1,99999,-1,-1,-3,-1,1,8940
818,252,1,16,7,-1,99999,-1,-1,-3,-1,1,8940
819,252,1,4,6,-1,99999,-1,-1,-3,-1,1,8940
820,252,1,42,2,-1,99999,-1,-1,-3,-1,1,8940
821,252,1,6,10,-1,99999,-1,-1,-3,-1,1,8940
822,252,1,147,12,-1,99999,-1,-1,-3,-1,1,8940
823,252,1,34,4,-1,99999,-1,-1,-3,-1,1,8940
824,252,1,29,8,-1,99999,-1,-1,-3,-1,1,8940
825,252,1,31,6,-1,99999,-1,-1,-3,-1,1,8940
826,252,1,1,9,-1,99999,-1,-1,-3,-1,1,8940
827,252,1,331,10,-1,99999,-1,-1,-3,-1,1,8940
828,252,1,12,8,-1,99999,-1,-1,-3,-1,1,8940
829,252,1,105,8,-1,99999,-1,-1,-3,-1,1,8940
830,252,1,10,6,-1,99999,-1,-1,-3,-1,1,8940
831,253,1,10,6,-1,99999,-1,-1,-3,-1,1,9000
832,254,1,91,6,-1,99999,-1,-1,-3,-1,1,9000
833,255,1,1,5,-1,99999,-1,-1,-3,-1,1,9000
834,255,1,9,7,-1,99999,-1,-1,-3,-1,1,9000
835,255,1,351,10,-1,99999,-1,-1,-3,-1,1,9000
836,255,1,177,10,-1,99999,-1,-1,-3,-1,1,9000
837,255,1,168,11,-1,99999,-1,-1,-3,-1,1,9000
838,255,1,136,10,-1,99999,-1,-1,-3,-1,1,9000
839,256,1,199,4,-1,99999,-1,-1,-3,-1,1,9000
840,256,1,44,3,-1,99999,-1,-1,-3,-1,1,9000
841,256,1,23,3,-1,99999,-1,-1,-3,-1,1,9000
842,256,1,22,6,-1,99999,-1,-1,-3,-1,1,9000
843,257,1,0,1,-1,99999,-1,-1,-3,-1,1,9060
844,257,1,31,4,-1,99999,-1,-1,-3,-1,1,9060
845,257,1,41,2,-1,99999,-1,-1,-3,-1,1,9060
846,257,1,36,8,-1,99999,-1,-1,-3,-1,1,9060
847,258,1,37,5,-1,99999,-1,-1,-3,-1,1,9060
848,258,1,33,11,-1,99999,-1,-1,-3,-1,1,9060
849,259,1,8,10,-1,99999,-1,-1,-3,-1,1,9120
850,259,1,44,7,-1,99999,-1,-1,-3,-1,1,9120
851,259,1,14,10,-1,99999,-1,-1,-3,-1,1,9120
852,259,1,94,4,-1,99999,-1,-1,-3,-1,1,9120
853,259,1,117,5,-1,99999,-1,-1,-3,-1,1,9120
854,260,1,122,1,-1,99999,-1,-1,-3,-1,1,9120
855,260,1,75,6,-1,99999,-1,-1,-3,-1,1,9120
856,260,1,29,11,-1,99999,-1,-1,-3,-1,1,9120
857,260,1,28,3,-1,99999,-1,-1,-3,-1,1,9120
858,261,1,64,9,-1,99999,-1,-1,-3,-1,1,9180
859,262,1,37,2,-1,99999,-1,-1,-3,-1,1,9180
860,262,1,6,4,-1,99999,-1,-1,-3,-1,1,9180
861,263,1,11,5,-1,99999,-1,-1,-3,-1,1,9240
862,263,1,25,6,-1,99999,-1,-1,-3,-1,1,9240
863,263,1,36,10,-1,99999,-1,-1,-3,-1,1,9240
864,264,1,27,11,-1,99999,-1,-1,-3,-1,1,9240
865,264,1,33,6,-1,99999,-1,-1,-3,-1,1,9240
866,264,1,6,6,-1,99999,-1,-1,-3,-1,1,9240
867,264,1,19,6,-1,99999,-1,-1,-3,-1,1,9240
868,264,1,95,8,-1,99999,-1,-1,-3,-1,1,9240
869,264,1,36,4,-1,99999,-1,-1,-3,-1,1,9240
870,264,1,124,6,-1,99999,-1,-1,-3,-1,1,9240
871,264,1,18,6,-1,99999,-1,-1,-3,-1,1,9240
872,265,1,97,4,-1,99999,-1,-1,-3,-1,1,9300
873,265,1,126,3,-1,99999,-1,-1,-3,-1,1,9300
874,265,1,118,6,-1,99999,-1,-1,-3,-1,1,9300
875,266,1,3,10,-1,99999,-1,-1,-3,-1,1,9300
876,266,1,233,11,-1,99999,-1,-1,-3,-1,1,9300
877,266,1,4,6,-1,99999,-1,-1,-3,-1,1,9300
878,267,1,55,7,-1,99999,-1,-1,-3,-1,1,9360
879,267,1,64,6,-1,99999,-1,-1,-3,-1,1,9360
880,267,1,37,6,-1,99999,-1,-1,-3,-1,1,9360
881,267,1,36,2,-1,99999,-1,-1,-3,-1,1,9360
882,267,1,11,6,-1,99999,-1,-1,-3,-1,1,9360
883,267,1,16,5,-1,99999,-1,-1,-3,-1,1,9360
884,267,1,48,5,-1,99999,-1,-1,-3,-1,1,9360
885,267,1,0,8,-1,99999,-1,-1,-3,-1,1,9360
886,268,1,42,12,-1,99999,-1,-1,-3,-1,1,9420
887,268,1,43,2,-1,99999,-1,-1,-3,-1,1,9420
888,269,1,47,3,-1,99999,-1,-1,-3,-1,1,9420
889,270,1,185,5,-1,99999,-1,-1,-3,-1,1,9480
890,270,1,2,9,-1,99999,-1,-1,-3,-1,1,9480
891,270,1,5,2,-1,99999,-1,-1,-3,-1,1,9480
892,270,1,6,2,-1,99999,-1,-1,-3,-1,1,9480
893,270,1,161,3,-1,99999,-1,-1,-3,-1,1,9480
894,270,1,307,1,-1,99999,-1,-1,-3,-1,1,9480
895,270,1,47,6,-1,99999,-1,-1,-3,-1,1,9480
896,270,1,68,2,-1,99999,-1,-1,-3,-1,1,9480
897,270,1,138,5,-1,99999,-1,-1,-3,-1,1,9480
898,270,1,38,8,-1,99999,-1,-1,-3,-1,1,9480
899,270,1,50,8,-1,99999,-1,-1,-3,-1,1,9480
900,271,1,475,10,-1,99999,-1,-1,-3,-1,1,9480
901,272,1,165,3,-1,99999,-1,-1,-3,-1,1,9480
902,272,1,295,2,-1,99999,-1,-1,-3,-1,1,9480
903,273,1,21,9,-1,99999,-1,-1,-3,-1,1,9540
904,273,1,60,2,-1,99999,-1,-1,-3,-1,1,9540
905,274,1,24,3,-1,99999,-1,-1,-3,-1,1,9540
906,274,1,167,10,-1,99999,-1,-1,-3,-1,1,9540
907,274,1,211,8,-1,99999,-1,-1,-3,-1,1,9540
908,274,1,115,12,-1,99999,-1,-1,-3,-1,1,9540
909,274,1,95,8,-1,99999,-1,-1,-3,-1,1,9540
910,274,1,77,6,-1,99999,-1,-1,-3,-1,1,9540
911,274,1,397,3,-1,99999,-1,-1,-3,-1,1,9540
912,275,1,104,6,-1,99999,-1,-1,-3,-1,1,9660
913,275,1,166,12,-1,99999,-1,-1,-3,-1,1,9660
914,275,1,66,8,-1,99999,-1,-1,-3,-1,1,9660
915,275,1,167,6,-1,99999,-1,-1,-3,-1,1,9660
916,276,1,14,2,-1,99999,-1,-1,-3,-1,1,9660
917,277,1,24,4,-1,99999,-1,-1,-3,-1,1,9720
918,277,1,67,8,-1,99999,-1,-1,-3,-1,1,9720
919,277,1,1,10,-1,99999,-1,-1,-3,-1,1,9720
920,277,1,52,12,-1,99999,-1,-1,-3,-1,1,9720
921,277,1,34,8,-1,99999,-1,-1,-3,-1,1,9720
922,277,1,142,4,-1,99999,-1,-1,-3,-1,1,9720
923,278,1,38,6,-1,99999,-1,-1,-3,-1,1,9840
924,279,1,32,7,-1,99999,-1,-1,-3,-1,1,9840
925,280,1,27,8,-1,99999,-1,-1,-3,-1,1,9900
926,280,1,3,2,-1,99999,-1,-1,-3,-1,1,9900
927,281,1,73,7,-1,99999,-1,-1,-3,-1,1,9900
928,281,1,30,8,-1,99999,-1,-1,-3,-1,1,9900
929,281,1,13,2,-1,99999,-1,-1,-3,-1,1,9900
930,281,1,9,4,-1,99999,-1,-1,-3,-1,1,9900
931,281,1,0,2,-1,99999,-1,-1,-3,-1,1,9900
932,281,1,6,6,-1,99999,-1,-1,-3,-1,1,9900
933,281,1,21,6,-1,99999,-1,-1,-3,-1,1,9900
934,281,1,191,3,-1,99999,-1,-1,-3,-1,1,9900
935,281,1,61,5,-1,99999,-1,-1,-3,-1,1,9900
936,281,1,25,11,-1,99999,-1,-1,-3,-1,1,9900
937,281,1,5,5,-1,99999,-1,-1,-3,-1,1,9900
938,281,1,4,6,-1,99999,-1,-1,-3,-1,1,9900
939,281,1,15,10,-1,99999,-1,-1,-3,-1,1,9900
940,281,1,111,8,-1,99999,-1,-1,-3,-1,1,9900
941,282,1,174,8,-1,99999,-1,-1,-3,-1,1,9900
942,282,1,46,12,-1,99999,-1,-1,-3,-1,1,9900
943,283,1,25,11,-1,99999,-1,-1,-3,-1,1,9900
944,284,1,13,12,-1,99999,-1,-1,-3,-1,1,9900
945,284,1,22,7,-1,99999,-1,-1,-3,-1,1,9900
946,284,1,27,12,-1,99999,-1,-1,-3,-1,1,9900
947,285,1,27,10,-1,99999,-1,-1,-3,-1,1,9960
948,285,1,0,6,-1,99999,-1,-1,-3,-1,1,9960
949,285,1,7,6,-1,99999,-1,-1,-3,-1,1,9960
950,285,1,23,4,-1,99999,-1,-1,-3,-1,1,9960
951,285,1,1,8,-1,99999,-1,-1,-3,-1,1,9960
952,285,1,3,9,-1,99999,-1,-1,-3,-1,1,9960
953,285,1,323,5,-1,99999,-1,-1,-3,-1,1,9960
954,285,1,45,6,-1,99999,-1,-1,-3,-1,1,9960
955,285,1,33,6,-1,99999,-1,-1,-3,-1,1,9960
956,286,1,53,12,-1,99999,-1,-1,-3,-1,1,9960
957,286,1,76,6,-1,99999,-1,-1,-3,-1,1,9960
958,286,1,319,2,-1,99999,-1,-1,-3,-1,1,9960
959,287,1,22,9,-1,99999,-1,-1,-3,-1,1,9960
960,287,1,61,2,-1,99999,-1,-1,-3,-1,1,9960
961,288,1,10,3,-1,99999,-1,-1,-3,-1,1,10020
962,289,1,3,6,-1,99999,-1,-1,-3,-1,1,10020
963,289,1,11,10,-1,99999,-1,-1,-3,-1,1,10020
964,290,1,14,8,-1,99999,-1,-1,-3,-1,1,10020
965,290,1,43,10,-1,99999,-1,-1,-3,-1,1,10020
966,291,1,87,6,-1,99999,-1,-1,-3,-1,1,10140
967,291,1,1,5,-1,99999,-1,-1,-3,-1,1,10140
968,291,1,179,7,-1,99999,-1,-1,-3,-1,1,10140
969,291,1,51,9,-1,99999,-1,-1,-3,-1,1,10140
970,292,1,12,6,-1,99999,-1,-1,-3,-1,1,10140
971,292,1,0,8,-1,99999,-1,-1,-3,-1,1,10140
972,292,1,42,11,-1,99999,-1,-1,-3,-1,1,10140
973,293,1,213,11,-1,99999,-1,-1,-3,-1,1,10200
974,293,1,393,12,-1,99999,-1,-1,-3,-1,1,10200
975,293,1,201,4,-1,99999,-1,-1,-3,-1,1,10200
976,293,1,34,6,-1,99999,-1,-1,-3,-1,1,10200
977,294,1,193,3,-1,99999,-1,-1,-3,-1,1,10200
978,294,1,18,10,-1,99999,-1,-1,-3,-1,1,10200
979,295,1,214,5,-1,99999,-1,-1,-3,-1,1,10200
980,295,1,186,8,-1,99999,-1,-1,-3,-1,1,10200
981,295,1,94,6,-1,99999,-1,-1,-3,-1,1,10200
982,295,1,47,7,-1,99999,-1,-1,-3,-1,1,10200
983,295,1,29,9,-1,99999,-1,-1,-3,-1,1,10200
984,296,1,130,2,-1,99999,-1,-1,-3,-1,1,10200
985,296,1,0,4,-1,99999,-1,-1,-3,-1,1,10200
986,297,1,68,5,-1,99999,-1,-1,-3,-1,1,10320
987,297,1,100,5,-1,99999,-1,-1,-3,-1,1,10320
988,297,1,49,5,-1,99999,-1,-1,-3,-1,1,10320
989,297,1,6,4,-1,99999,-1,-1,-3,-1,1,10320
990,297,1,179,3,-1,99999,-1,-1,-3,-1,1,10320
991,297,1,69,4,-1,99999,-1,-1,-3,-1,1,10320
992,298,1,16,12,-1,99999,-1,-1,-3,-1,1,10320
993,299,1,143,10,-1,99999,-1,-1,-3,-1,1,10320
994,300,1,29,8,-1,99999,-1,-1,-3,-1,1,10320
995,300,1,48,12,-1,99999,-1,-1,-3,-1,1,10320
996,300,1,44,9,-1,99999,-1,-1,-3,-1,1,10320
997,301,1,34,5,-1,99999,-1,-1,-3,-1,1,10440
998,301,1,50,10,-1,99999,-1,-1,-3,-1,1,10440
999,301,1,38,4,-1,99999,-1,-1,-3,-1,1,10440
1000,302,1,83,2,-1,99999,-1,-1,-3,-1,1,10500
1001,302,1,14,11,-1,99999,-1,-1,-3,-1,1,10500
1002,302,1,319,8,-1,99999,-1,-1,-3,-1,1,10500
1003,302,1,1,5,-1,99999,-1,-1,-3,-1,1,10500
1004,302,1,42,8,-1,99999,-1,-1,-3,-1,1,10500
1005,302,1,3,4,-1,99999,-1,-1,-3,-1,1,10500
1006,302,1,84,8,-1,99999,-1,-1,-3,-1,1,10500
1007,302,1,7,6,-1,99999,-1,-1,-3,-1,1,10500
1008,302,1,24,9,-1,99999,-1,-1,-3,-1,1,10500
1009,302,1,134,11,-1,99999,-1,-1,-3,-1,1,10500
1010,302,1,69,10,-1,99999,-1,-1,-3,-1,1,10500
1011,302,1,56,7,-1,99999,-1,-1,-3,-1,1,10500
1012,302,1,36,4,-1,99999,-1,-1,-3,-1,1,10500
1013,302,1,4,5,-1,99999,-1,-1,-3,-1,1,10500
1014,302,1,207,10,-1,99999,-1,-1,-3,-1,1,10500
1015,302,1,16,6,-1,99999,-1,-1,-3,-1,1,10500
1016,302,1,17,6,-1,99999,-1,-1,-3,-1,1,10500
1017,302,1,135,11,-1,99999,-1,-1,-3,-1,1,10500
1018,302,1,31,5,-1,99999,-1,-1,-3,-1,1,10500
1019,303,1,0,6,-1,99999,-1,-1,-3,-1,1,10500
1020,303,1,196,3,-1,99999,-1,-1,-3,-1,1,10500
1021,304,1,8,8,-1,99999,-1,-1,-3,-1,1,10500
1022,304,1,6,4,-1,99999,-1,-1,-3,-1,1,10500
1023,304,1,31,11,-1,99999,-1,-1,-3,-1,1,10500
1024,304,1,117,8,-1,99999,-1,-1,-3,-1,1,10500
1025,304,1,77,5,-1,99999,-1,-1,-3,-1,1,10500
1026,304,1,34,8,-1,99999,-1,-1,-3,-1,1,10500
1027,304,1,26,7,-1,99999,-1,-1,-3,-1,1,10500
1028,305,1,4,8,-1,99999,-1,-1,-3,-1,1,10500
1029,305,1,151,6,-1,99999,-1,-1,-3,-1,1,10500
1030,305,1,23,6,-1,99999,-1,-1,-3,-1,1,10500
1031,306,1,68,1,-1,99999,-1,-1,-3,-1,1,10560
1032,306,1,49,6,-1,99999,-1,-1,-3,-1,1,10560
1033,306,1,105,10,-1,99999,-1,-1,-3,-1,1,10560
1034,306,1,1,8,-1,99999,-1,-1,-3,-1,1,10560
1035,306,1,16,3,-1,99999,-1,-1,-3,-1,1,10560
1036,307,1,4,2,-1,99999,-1,-1,-3,-1,1,10560
1037,307,1,106,12,-1,99999,-1,-1,-3,-1,1,10560
1038,307,1,25,4,-1,99999,-1,-1,-3,-1,1,10560
1039,307,1,155,9,-1,99999,-1,-1,-3,-1,1,10560
1040,307,1,323,12,-1,99999,-1,-1,-3,-1,1,10560
1041,307,1,241,11,-1,99999,-1,-1,-3,-1,1,10560
1042,308,1,404,8,-1,99999,-1,-1,-3,-1,1,10620
1043,308,1,179,8,-1,99999,-1,-1,-3,-1,1,10620
1044,308,1,6,4,-1,99999,-1,-1,-3,-1,1,10620
1045,308,1,34,5,-1,99999,-1,-1,-3,-1,1,10620
1046,308,1,3,10,-1,99999,-1,-1,-3,-1,1,10620
1047,308,1,275,11,-1,99999,-1,-1,-3,-1,1,10620
1048,308,1,101,8,-1,99999,-1,-1,-3,-1,1,10620
1049,308,1,11,5,-1,99999,-1,-1,-3,-1,1,10620
1050,308,1,21,10,-1,99999,-1,-1,-3,-1,1,10620
1051,308,1,0,6,-1,99999,-1,-1,-3,-1,1,10620
1052,308,1,241,5,-1,99999,-1,-1,-3,-1,1,10620
1053,308,1,28,6,-1,99999,-1,-1,-3,-1,1,10620
1054,309,1,5,8,-1,99999,-1,-1,-3,-1,1,10620
1055,310,1,3,5,-1,99999,-1,-1,-3,-1,1,10620
1056,311,1,18,2,-1,99999,-1,-1,-3,-1,1,10680
1057,311,1,15,9,-1,99999,-1,-1,-3,-1,1,10680
1058,312,1,104,8,-1,99999,-1,-1,-3,-1,1,10680
1059,312,1,199,10,-1,99999,-1,-1,-3,-1,1,10680
1060,312,1,0,6,-1,99999,-1,-1,-3,-1,1,10680
1061,313,1,38,6,-1,99999,-1,-1,-3,-1,1,10740
1062,314,1,93,9,-1,99999,-1,-1,-3,-1,1,10800
1063,314,1,260,3,-1,99999,-1,-1,-3,-1,1,10800
1064,314,1,24,4,-1,99999,-1,-1,-3,-1,1,10800
1065,314,1,80,10,-1,99999,-1,-1,-3,-1,1,10800
1066,315,1,131,10,-1,99999,-1,-1,-3,-1,1,10800
1067,315,1,62,8,-1,99999,-1,-1,-3,-1,1,10800
1068,315,1,84,4,-1,99999,-1,-1,-3,-1,1,10800
1069,315,1,50,7,-1,99999,-1,-1,-3,-1,1,10800
1070,315,1,6,5,-1,99999,-1,-1,-3,-1,1,10800
1071,315,1,25,8,-1,99999,-1,-1,-3,-1,1,10800
1072,315,1,11,9,-1,99999,-1,-1,-3,-1,1,10800
1073,315,1,37,7,-1,99999,-1,-1,-3,-1,1,10800
1074,315,1,43,12,-1,99999,-1,-1,-3,-1,1,10800
1075,315,1,16,12,-1,99999,-1,-1,-3,-1,1,10800
1076,315,1,20,6,-1,99999,-1,-1,-3,-1,1,10800
1077,315,1,39,6,-1,99999,-1,-1,-3,-1,1,10800
1078,315,1,127,5,-1,99999,-1,-1,-3,-1,1,10800
1079,315,1,56,10,-1,99999,-1,-1,-3,-1,1,10800
1080,315,1,157,7,-1,99999,-1,-1,-3,-1,1,10800
1081,316,1,303,3,-1,99999,-1,-1,-3,-1,1,10800
1082,317,1,254,8,-1,99999,-1,-1,-3,-1,1,10800
1083,318,1,18,10,-1,99999,-1,-1,-3,-1,1,10980
1084,318,1,9,4,-1,99999,-1,-1,-3,-1,1,10980
1085,318,1,95,5,-1,99999,-1,-1,-3,-1,1,10980
1086,318,1,40,6,-1,99999,-1,-1,-3,-1,1,10980
1087,318,1,23,5,-1,99999,-1,-1,-3,-1,1,10980
1088,319,1,65,6,-1,99999,-1,-1,-3,-1,1,11040
1089,319,1,9,7,-1,99999,-1,-1,-3,-1,1,11040
1090,319,1,119,7,-1,99999,-1,-1,-3,-1,1,11040
1091,319,1,127,9,-1,99999,-1,-1,-3,-1,1,11040
1092,319,1,49,8,-1,99999,-1,-1,-3,-1,1,11040
1093,320,1,8,8,-1,99999,-1,-1,-3,-1,1,11100
1094,320,1,116,6,-1,99999,-1,-1,-3,-1,1,11100
1095,320,1,26,7,-1,99999,-1,-1,-3,-1,1,11100
1096,321,1,21,8,-1,99999,-1,-1,-3,-1,1,11100
1097,322,1,42,6,-1,99999,-1,-1,-3,-1,1,11160
1098,322,1,10,8,-1,99999,-1,-1,-3,-1,1,11160
1099,322,1,2,11,-1,99999,-1,-1,-3,-1,1,11160
1100,322,1,8,4,-1,99999,-1,-1,-3,-1,1,11160
1101,323,1,335,8,-1,99999,-1,-1,-3,-1,1,11160
1102,323,1,16,5,-1,99999,-1,-1,-3,-1,1,11160
1103,323,1,2,2,-1,99999,-1,-1,-3,-1,1,11160
1104,323,1,49,10,-1,99999,-1,-1,-3,-1,1,11160
1105,323,1,10,11,-1,99999,-1,-1,-3,-1,1,11160
1106,323,1,254,6,-1,99999,-1,-1,-3,-1,1,11160
1107,324,1,77,5,-1,99999,-1,-1,-3,-1,1,11340
1108,325,1,3,5,-1,99999,-1,-1,-3,-1,1,11400
1109,325,1,6,6,-1,99999,-1,-1,-3,-1,1,11400
1110,325,1,48,7,-1,99999,-1,-1,-3,-1,1,11400
1111,325,1,8,6,-1,99999,-1,-1,-3,-1,1,11400
1112,325,1,312,8,-1,99999,-1,-1,-3,-1,1,11400
1113,325,1,291,2,-1,99999,-1,-1,-3,-1,1,11400
1114,326,1,102,10,-1,99999,-1,-1,-3,-1,1,11460
1115,326,1,456,8,-1,99999,-1,-1,-3,-1,1,11460
1116,326,1,420,5,-1,99999,-1,-1,-3,-1,1,11460
1117,327,1,1,3,-1,99999,-1,-1,-3,-1,1,11520
1118,328,1,5,6,-1,99999,-1,-1,-3,-1,1,11520
1119,328,1,93,4,-1,99999,-1,-1,-3,-1,1,11520
1120,328,1,419,7,-1,99999,-1,-1,-3,-1,1,11520
1121,329,1,164,8,-1,99999,-1,-1,-3,-1,1,11520
1122,329,1,2,6,-1,99999,-1,-1,-3,-1,1,11520
1123,330,1,445,8,-1,99999,-1,-1,-3,-1,1,11520
1124,330,1,35,8,-1,99999,-1,-1,-3,-1,1,11520
1125,330,1,161,8,-1,99999,-1,-1,-3,-1,1,11520
1126,330,1,72,4,-1,99999,-1,-1,-3,-1,1,11520
1127,330,1,9,5,-1,99999,-1,-1,-3,-1,1,11520
1128,330,1,1,5,-1,99999,-1,-1,-3,-1,1,11520
1129,330,1,40,7,-1,99999,-1,-1,-3,-1,1,11520
1130,330,1,36,4,-1,99999,-1,-1,-3,-1,1,11520
1131,331,1,180,9,-1,99999,-1,-1,-3,-1,1,11580
1132,331,1,48,6,-1,99999,-1,-1,-3,-1,1,11580
1133,331,1,20,2,-1,99999,-1,-1,-3,-1,1,11580
1134,331,1,164,9,-1,99999,-1,-1,-3,-1,1,11580
1135,332,1,65,11,-1,99999,-1,-1,-3,-1,1,11640
1136,332,1,41,5,-1,99999,-1,-1,-3,-1,1,11640
1137,333,1,41,6,-1,99999,-1,-1,-3,-1,1,11640
1138,334,1,2,4,-1,99999,-1,-1,-3,-1,1,11640
1139,334,1,67,8,-1,99999,-1,-1,-3,-1,1,11640
1140,335,1,1,3,-1,99999,-1,-1,-3,-1,1,11700
1141,335,1,34,3,-1,99999,-1,-1,-3,-1,1,11700
1142,335,1,21,10,-1,99999,-1,-1,-3,-1,1,11700
1143,335,1,9,4,-1,99999,-1,-1,-3,-1,1,11700
1144,335,1,68,4,-1,99999,-1,-1,-3,-1,1,11700
1145,335,1,183,8,-1,99999,-1,-1,-3,-1,1,11700
1146,336,1,20,8,-1,99999,-1,-1,-3,-1,1,11760
1147,336,1,467,9,-1,99999,-1,-1,-3,-1,1,11760
1148,336,1,149,8,-1,99999,-1,-1,-3,-1,1,11760
1149,337,1,32,6,-1,99999,-1,-1,-3,-1,1,11760
1150,338,1,48,2,-1,99999,-1,-1,-3,-1,1,11820
1151,339,1,40,7,-1,99999,-1,-1,-3,-1,1,11820
1152,339,1,29,12,-1,99999,-1,-1,-3,-1,1,11820
1153,339,1,9,5,-1,99999,-1,-1,-3,-1,1,11820
1154,340,1,238,6,-1,99999,-1,-1,-3,-1,1,11820
1155,340,1,48,3,-1,99999,-1,-1,-3,-1,1,11820
1156,340,1,3,6,-1,99999,-1,-1,-3,-1,1,11820
1157,340,1,4,8,-1,99999,-1,-1,-3,-1,1,11820
1158,341,1,47,8,-1,99999,-1,-1,-3,-1,1,11940
1159,342,1,7,8,-1,99999,-1,-1,-3,-1,1,11940
1160,343,1,13,8,-1,99999,-1,-1,-3,-1,1,11940
1161,343,1,114,6,-1,99999,-1,-1,-3,-1,1,11940
1162,344,1,8,1,-1,99999,-1,-1,-3,-1,1,12000
1163,344,1,21,12,-1,99999,-1,-1,-3,-1,1,12000
1164,344,1,179,8,-1,99999,-1,-1,-3,-1,1,12000
1165,344,1,11,7,-1,99999,-1,-1,-3,-1,1,12000
1166,344,1,2,4,-1,99999,-1,-1,-3,-1,1,12000
1167,344,1,6,2,-1,99999,-1,-1,-3,-1,1,12000
1168,345,1,75,7,-1,99999,-1,-1,-3,-1,1,12000
1169,346,1,10,8,-1,99999,-1,-1,-3,-1,1,12060
1170,346,1,34,6,-1,99999,-1,-1,-3,-1,1,12060
1171,346,1,19,11,-1,99999,-1,-1,-3,-1,1,12060
1172,346,1,135,6,-1,99999,-1,-1,-3,-1,1,12060
1173,346,1,2,5,-1,99999,-1,-1,-3,-1,1,12060
1174,346,1,121,8,-1,99999,-1,-1,-3,-1,1,12060
1175,347,1,100,6,-1,99999,-1,-1,-3,-1,1,12060
1176,348,1,23,8,-1,99999,-1,-1,-3,-1,1,12060
1177,348,1,16,12,-1,99999,-1,-1,-3,-1,1,12060
1178,348,1,28,11,-1,99999,-1,-1,-3,-1,1,12060
1179,348,1,25,10,-1,99999,-1,-1,-3,-1,1,12060
1180,349,1,2,4,-1,99999,-1,-1,-3,-1,1,12120
1181,350,1,14,12,-1,99999,-1,-1,-3,-1,1,12120
1182,351,1,43,4,-1,99999,-1,-1,-3,-1,1,12120
1183,351,1,24,4,-1,99999,-1,-1,-3,-1,1,12120
1184,352,1,78,5,-1,99999,-1,-1,-3,-1,1,12180
1185,352,1,28,7,-1,99999,-1,-1,-3,-1,1,12180
1186,353,1,3,8,-1,99999,-1,-1,-3,-1,1,12240
1187,354,1,22,9,-1,99999,-1,-1,-3,-1,1,12240
1188,354,1,28,4,-1,99999,-1,-1,-3,-1,1,12240
1189,355,1,125,2,-1,99999,-1,-1,-3,-1,1,12300
1190,356,1,42,8,-1,99999,-1,-1,-3,-1,1,12300
1191,357,1,15,2,-1,99999,-1,-1,-3,-1,1,12300
1192,358,1,59,4,-1,99999,-1,-1,-3,-1,1,12300
1193,358,1,27,6,-1,99999,-1,-1,-3,-1,1,12300
1194,358,1,37,8,-1,99999,-1,-1,-3,-1,1,12300
1195,358,1,29,10,-1,99999,-1,-1,-3,-1,1,12300
1196,358,1,114,6,-1,99999,-1,-1,-3,-1,1,12300
1197,358,1,102,9,-1,99999,-1,-1,-3,-1,1,12300
1198,359,1,18,6,-1,99999,-1,-1,-3,-1,1,12360
1199,359,1,19,10,-1,99999,-1,-1,-3,-1,1,12360
1200,360,1,171,12,-1,99999,-1,-1,-3,-1,1,12360
1201,361,1,45,6,-1,99999,-1,-1,-3,-1,1,12360
1202,361,1,143,1,-1,99999,-1,-1,-3,-1,1,12360
1203,362,1,299,10,-1,99999,-1,-1,-3,-1,1,12360
1204,363,1,34,4,-1,99999,-1,-1,-3,-1,1,12420
1205,363,1,29,12,-1,99999,-1,-1,-3,-1,1,12420
1206,364,1,82,4,-1,99999,-1,-1,-3,-1,1,12420
1207,365,1,22,12,-1,99999,-1,-1,-3,-1,1,12480
1208,365,1,62,10,-1,99999,-1,-1,-3,-1,1,12480
1209,366,1,146,4,-1,99999,-1,-1,-3,-1,1,12540
1210,366,1,15,8,-1,99999,-1,-1,-3,-1,1,12540
1211,367,1,136,5,-1,99999,-1,-1,-3,-1,1,12600
1212,367,1,139,11,-1,99999,-1,-1,-3,-1,1,12600
1213,367,1,15,3,-1,99999,-1,-1,-3,-1,1,12600
1214,368,1,40,8,-1,99999,-1,-1,-3,-1,1,12660
1215,369,1,94,2,-1,99999,-1,-1,-3,-1,1,12660
1216,369,1,15,8,-1,99999,-1,-1,-3,-1,1,12660
1217,370,1,40,5,-1,99999,-1,-1,-3,-1,1,12720
1218,370,1,10,5,-1,99999,-1,-1,-3,-1,1,12720
1219,370,1,15,9,-1,99999,-1,-1,-3,-1,1,12720
1220,370,1,171,10,-1,99999,-1,-1,-3,-1,1,12720
1221,370,1,7,5,-1,99999,-1,-1,-3,-1,1,12720
1222,370,1,21,12,-1,99999,-1,-1,-3,-1,1,12720
1223,370,1,53,5,-1,99999,-1,-1,-3,-1,1,12720
1224,370,1,14,10,-1,99999,-1,-1,-3,-1,1,12720
1225,371,1,2,4,-1,99999,-1,-1,-3,-1,1,12840
1226,372,1,50,8,-1,99999,-1,-1,-3,-1,1,12900
1227,373,1,45,10,-1,99999,-1,-1,-3,-1,1,12900
1228,374,1,460,1,-1,99999,-1,-1,-3,-1,1,12900
1229,374,1,8,7,-1,99999,-1,-1,-3,-1,1,12900
1230,374,1,46,2,-1,99999,-1,-1,-3,-1,1,12900
1231,375,1,174,4,-1,99999,-1,-1,-3,-1,1,12900
1232,375,1,42,10,-1,99999,-1,-1,-3,-1,1,12900
1233,376,1,14,6,-1,99999,-1,-1,-3,-1,1,12960
1234,376,1,20,5,-1,99999,-1,-1,-3,-1,1,12960
1235,377,1,0,4,-1,99999,-1,-1,-3,-1,1,12960
1236,378,1,95,8,-1,99999,-1,-1,-3,-1,1,13020
1237,378,1,37,10,-1,99999,-1,-1,-3,-1,1,13020
1238,378,1,2,9,-1,99999,-1,-1,-3,-1,1,13020
1239,378,1,175,4,-1,99999,-1,-1,-3,-1,1,13020
1240,378,1,5,10,-1,99999,-1,-1,-3,-1,1,13020
1241,378,1,0,4,-1,99999,-1,-1,-3,-1,1,13020
1242,378,1,44,10,-1,99999,-1,-1,-3,-1,1,13020
1243,378,1,40,5,-1,99999,-1,-1,-3,-1,1,13020
1244,378,1,18,2,-1,99999,-1,-1,-3,-1,1,13020
1245,378,1,29,2,-1,99999,-1,-1,-3,-1,1,13020
1246,379,1,123,6,-1,99999,-1,-1,-3,-1,1,13020
1247,379,1,110,6,-1,99999,-1,-1,-3,-1,1,13020
1248,379,1,8,12,-1,99999,-1,-1,-3,-1,1,13020
1249,379,1,7,9,-1,99999,-1,-1,-3,-1,1,13020
1250,380,1,34,8,-1,99999,-1,-1,-3,-1,1,13080
1251,380,1,65,10,-1,99999,-1,-1,-3,-1,1,13080
1252,380,1,429,6,-1,99999,-1,-1,-3,-1,1,13080
1253,380,1,4,4,-1,99999,-1,-1,-3,-1,1,13080
1254,380,1,19,7,-1,99999,-1,-1,-3,-1,1,13080
1255,381,1,0,8,-1,99999,-1,-1,-3,-1,1,13080
1256,381,1,89,10,-1,99999,-1,-1,-3,-1,1,13080
1257,382,1,31,11,-1,99999,-1,-1,-3,-1,1,13140
1258,382,1,2,4,-1,99999,-1,-1,-3,-1,1,13140
1259,383,1,12,4,-1,99999,-1,-1,-3,-1,1,13200
1260,383,1,60,2,-1,99999,-1,-1,-3,-1,1,13200
1261,384,1,24,6,-1,99999,-1,-1,-3,-1,1,13200
1262,384,1,118,2,-1,99999,-1,-1,-3,-1,1,13200
1263,385,1,120,6,-1,99999,-1,-1,-3,-1,1,13260
1264,385,1,46,8,-1,99999,-1,-1,-3,-1,1,13260
1265,385,1,4,7,-1,99999,-1,-1,-3,-1,1,13260
1266,385,1,249,6,-1,99999,-1,-1,-3,-1,1,13260
1267,386,1,5,10,-1,99999,-1,-1,-3,-1,1,13260
1268,386,1,1,11,-1,99999,-1,-1,-3,-1,1,13260
1269,387,1,15,9,-1,99999,-1,-1,-3,-1,1,13320
1270,388,1,0,8,-1,99999,-1,-1,-3,-1,1,13380
1271,389,1,95,9,-1,99999,-1,-1,-3,-1,1,13380
1272,389,1,1,7,-1,99999,-1,-1,-3,-1,1,13380
1273,390,1,42,6,-1,99999,-1,-1,-3,-1,1,13500
1274,390,1,4,3,-1,99999,-1,-1,-3,-1,1,13500
1275,391,1,122,9,-1,99999,-1,-1,-3,-1,1,13500
1276,392,1,71,7,-1,99999,-1,-1,-3,-1,1,13500
1277,393,1,41,7,-1,99999,-1,-1,-3,-1,1,13500
1278,394,1,12,7,-1,99999,-1,-1,-3,-1,1,13500
1279,395,1,69,6,-1,99999,-1,-1,-3,-1,1,13560
1280,395,1,469,8,-1,99999,-1,-1,-3,-1,1,13560
1281,395,1,32,7,-1,99999,-1,-1,-3,-1,1,13560
1282,395,1,174,2,-1,99999,-1,-1,-3,-1,1,13560
1283,395,1,236,7,-1,99999,-1,-1,-3,-1,1,13560
1284,395,1,81,3,-1,99999,-1,-1,-3,-1,1,13560
1285,396,1,25,11,-1,99999,-1,-1,-3,-1,1,13560
1286,397,1,11,4,-1,99999,-1,-1,-3,-1,1,13800
1287,397,1,18,4,-1,99999,-1,-1,-3,-1,1,13800
1288,398,1,18,7,-1,99999,-1,-1,-3,-1,1,13860
1289,398,1,39,2,-1,99999,-1,-1,-3,-1,1,13860
1290,398,1,0,6,-1,99999,-1,-1,-3,-1,1,13860
1291,398,1,42,8,-1,99999,-1,-1,-3,-1,1,13860
1292,398,1,47,2,-1,99999,-1,-1,-3,-1,1,13860
1293,398,1,142,6,-1,99999,-1,-1,-3,-1,1,13860
1294,398,1,23,2,-1,99999,-1,-1,-3,-1,1,13860
1295,398,1,99,8,-1,99999,-1,-1,-3,-1,1,13860
1296,398,1,30,6,-1,99999,-1,-1,-3,-1,1,13860
1297,398,1,162,10,-1,99999,-1,-1,-3,-1,1,13860
1298,399,1,383,11,-1,99999,-1,-1,-3,-1,1,13860
1299,399,1,88,7,-1,99999,-1,-1,-3,-1,1,13860
1300,399,1,35,4,-1,99999,-1,-1,-3,-1,1,13860
1301,399,1,471,8,-1,99999,-1,-1,-3,-1,1,13860
1302,399,1,350,6,-1,99999,-1,-1,-3,-1,1,13860
1303,400,1,19,7,-1,99999,-1,-1,-3,-1,1,13860
1304,400,1,42,2,-1,99999,-1,-1,-3,-1,1,13860
1305,401,1,5,2,-1,99999,-1,-1,-3,-1,1,13920
1306,401,1,41,8,-1,99999,-1,-1,-3,-1,1,13920
1307,401,1,42,5,-1,99999,-1,-1,-3,-1,1,13920
1308,401,1,7,6,-1,99999,-1,-1,-3,-1,1,13920
1309,401,1,15,6,-1,99999,-1,-1,-3,-1,1,13920
1310,401,1,33,9,-1,99999,-1,-1,-3,-1,1,13920
1311,401,1,3,4,-1,99999,-1,-1,-3,-1,1,13920
1312,401,1,86,7,-1,99999,-1,-1,-3,-1,1,13920
1313,402,1,313,10,-1,99999,-1,-1,-3,-1,1,13920
1314,402,1,46,4,-1,99999,-1,-1,-3,-1,1,13920
1315,402,1,363,5,-1,99999,-1,-1,-3,-1,1,13920
1316,402,1,0,7,-1,99999,-1,-1,-3,-1,1,13920
1317,403,1,45,4,-1,99999,-1,-1,-3,-1,1,14100
1318,403,1,300,3,-1,99999,-1,-1,-3,-1,1,14100
1319,403,1,26,10,-1,99999,-1,-1,-3,-1,1,14100
1320,403,1,76,6,-1,99999,-1,-1,-3,-1,1,14100
1321,404,1,0,1,-1,99999,-1,-1,-3,-1,1,14160
1322,404,1,142,4,-1,99999,-1,-1,-3,-1,1,14160
1323,404,1,32,11,-1,99999,-1,-1,-3,-1,1,14160
1324,405,1,165,6,-1,99999,-1,-1,-3,-1,1,14160
1325,405,1,1,7,-1,99999,-1,-1,-3,-1,1,14160
1326,406,1,49,9,-1,99999,-1,-1,-3,-1,1,14280
1327,406,1,43,1,-1,99999,-1,-1,-3,-1,1,14280
1328,406,1,65,4,-1,99999,-1,-1,-3,-1,1,14280
1329,406,1,90,4,-1,99999,-1,-1,-3,-1,1,14280
1330,407,1,7,6,-1,99999,-1,-1,-3,-1,1,14280
1331,408,1,11,4,-1,99999,-1,-1,-3,-1,1,14340
1332,409,1,8,7,-1,99999,-1,-1,-3,-1,1,14400
1333,409,1,180,6,-1,99999,-1,-1,-3,-1,1,14400
1334,410,1,463,6,-1,99999,-1,-1,-3,-1,1,14400
1335,411,1,28,8,-1,99999,-1,-1,-3,-1,1,14460
1336,411,1,4,9,-1,99999,-1,-1,-3,-1,1,14460
1337,411,1,9,8,-1,99999,-1,-1,-3,-1,1,14460
1338,411,1,71,5,-1,99999,-1,-1,-3,-1,1,14460
1339,411,1,8,12,-1,99999,-1,-1,-3,-1,1,14460
1340,411,1,259,4,-1,99999,-1,-1,-3,-1,1,14460
1341,411,1,33,10,-1,99999,-1,-1,-3,-1,1,14460
1342,411,1,314,10,-1,99999,-1,-1,-3,-1,1,14460
1343,411,1,116,12,-1,99999,-1,-1,-3,-1,1,14460
1344,411,1,46,5,-1,99999,-1,-1,-3,-1,1,14460
1345,412,1,89,5,-1,99999,-1,-1,-3,-1,1,14460
1346,412,1,46,8,-1,99999,-1,-1,-3,-1,1,14460
1347,413,1,160,12,-1,99999,-1,-1,-3,-1,1,14460
1348,413,1,118,9,-1,99999,-1,-1,-3,-1,1,14460
1349,414,1,35,8,-1,99999,-1,-1,-3,-1,1,14460
1350,415,1,270,6,-1,99999,-1,-1,-3,-1,1,14460
1351,415,1,382,10,-1,99999,-1,-1,-3,-1,1,14460
1352,415,1,201,8,-1,99999,-1,-1,-3,-1,1,14460
1353,415,1,35,4,-1,99999,-1,-1,-3,-1,1,14460
1354,416,1,43,2,-1,99999,-1,-1,-3,-1,1,14520
1355,416,1,1,4,-1,99999,-1,-1,-3,-1,1,14520
1356,416,1,45,4,-1,99999,-1,-1,-3,-1,1,14520
1357,417,1,9,7,-1,99999,-1,-1,-3,-1,1,14520
1358,418,1,2,12,-1,99999,-1,-1,-3,-1,1,14520
1359,418,1,15,6,-1,99999,-1,-1,-3,-1,1,14520
1360,418,1,5,2,-1,99999,-1,-1,-3,-1,1,14520
1361,418,1,28,7,-1,99999,-1,-1,-3,-1,1,14520
1362,418,1,182,9,-1,99999,-1,-1,-3,-1,1,14520
1363,418,1,1,7,-1,99999,-1,-1,-3,-1,1,14520
1364,418,1,10,4,-1,99999,-1,-1,-3,-1,1,14520
1365,419,1,10,6,-1,99999,-1,-1,-3,-1,1,14520
1366,419,1,36,3,-1,99999,-1,-1,-3,-1,1,14520
1367,419,1,3,4,-1,99999,-1,-1,-3,-1,1,14520
1368,419,1,13,2,-1,99999,-1,-1,-3,-1,1,14520
1369,419,1,15,2,-1,99999,-1,-1,-3,-1,1,14520
1370,419,1,318,10,-1,99999,-1,-1,-3,-1,1,14520
1371,419,1,7,4,-1,99999,-1,-1,-3,-1,1,14520
1372,419,1,33,8,-1,99999,-1,-1,-3,-1,1,14520
1373,419,1,119,4,-1,99999,-1,-1,-3,-1,1,14520
1374,419,1,22,4,-1,99999,-1,-1,-3,-1,1,14520
1375,419,1,165,11,-1,99999,-1,-1,-3,-1,1,14520
1376,419,1,11,6,-1,99999,-1,-1,-3,-1,1,14520
1377,420,1,26,8,-1,99999,-1,-1,-3,-1,1,14640
1378,420,1,22,5,-1,99999,-1,-1,-3,-1,1,14640
1379,420,1,0,6,-1,99999,-1,-1,-3,-1,1,14640
1380,420,1,41,7,-1,99999,-1,-1,-3,-1,1,14640
1381,420,1,6,8,-1,99999,-1,-1,-3,-1,1,14640
1382,421,1,26,7,-1,99999,-1,-1,-3,-1,1,14700
1383,421,1,38,6,-1,99999,-1,-1,-3,-1,1,14700
1384,421,1,14,11,-1,99999,-1,-1,-3,-1,1,14700
1385,422,1,383,5,-1,99999,-1,-1,-3,-1,1,14700
1386,422,1,77,2,-1,99999,-1,-1,-3,-1,1,14700
1387,422,1,23,4,-1,99999,-1,-1,-3,-1,1,14700
1388,423,1,34,5,-1,99999,-1,-1,-3,-1,1,14700
1389,423,1,495,5,-1,99999,-1,-1,-3,-1,1,14700
1390,424,1,25,8,-1,99999,-1,-1,-3,-1,1,14700
1391,424,1,143,8,-1,99999,-1,-1,-3,-1,1,14700
1392,425,1,11,4,-1,99999,-1,-1,-3,-1,1,14760
1393,425,1,136,8,-1,99999,-1,-1,-3,-1,1,14760
1394,425,1,117,8,-1,99999,-1,-1,-3,-1,1,14760
1395,425,1,5,10,-1,99999,-1,-1,-3,-1,1,14760
1396,426,1,250,5,-1,99999,-1,-1,-3,-1,1,14760
1397,426,1,187,10,-1,99999,-1,-1,-3,-1,1,14760
1398,426,1,95,10,-1,99999,-1,-1,-3,-1,1,14760
1399,426,1,116,7,-1,99999,-1,-1,-3,-1,1,14760
1400,426,1,64,7,-1,99999,-1,-1,-3,-1,1,14760
1401,427,1,17,5,-1,99999,-1,-1,-3,-1,1,14760
1402,427,1,107,10,-1,99999,-1,-1,-3,-1,1,14760
1403,427,1,34,10,-1,99999,-1,-1,-3,-1,1,14760
1404,428,1,83,5,-1,99999,-1,-1,-3,-1,1,14760
1405,429,1,70,4,-1,99999,-1,-1,-3,-1,1,14820
1406,430,1,38,6,-1,99999,-1,-1,-3,-1,1,14880
1407,430,1,0,6,-1,99999,-1,-1,-3,-1,1,14880
1408,430,1,3,9,-1,99999,-1,-1,-3,-1,1,14880
1409,430,1,18,5,-1,99999,-1,-1,-3,-1,1,14880
1410,430,1,52,2,-1,99999,-1,-1,-3,-1,1,14880
1411,430,1,88,8,-1,99999,-1,-1,-3,-1,1,14880
1412,430,1,7,10,-1,99999,-1,-1,-3,-1,1,14880
1413,430,1,34,10,-1,99999,-1,-1,-3,-1,1,14880
1414,431,1,26,6,-1,99999,-1,-1,-3,-1,1,14940
1415,431,1,120,10,-1,99999,-1,-1,-3,-1,1,14940
1416,432,1,66,10,-1,99999,-1,-1,-3,-1,1,15000
1417,432,1,12,7,-1,99999,-1,-1,-3,-1,1,15000
1418,432,1,101,2,-1,99999,-1,-1,-3,-1,1,15000
1419,432,1,207,5,-1,99999,-1,-1,-3,-1,1,15000
1420,433,1,146,5,-1,99999,-1,-1,-3,-1,1,15000
1421,433,1,35,8,-1,99999,-1,-1,-3,-1,1,15000
1422,434,1,24,12,-1,99999,-1,-1,-3,-1,1,15060
1423,434,1,17,6,-1,99999,-1,-1,-3,-1,1,15060
1424,434,1,74,8,-1,99999,-1,-1,-3,-1,1,15060
1425,434,1,79,11,-1,99999,-1,-1,-3,-1,1,15060
1426,434,1,13,9,-1,99999,-1,-1,-3,-1,1,15060
1427,434,1,4,4,-1,99999,-1,-1,-3,-1,1,15060
1428,434,1,341,6,-1,99999,-1,-1,-3,-1,1,15060
1429,434,1,155,6,-1,99999,-1,-1,-3,-1,1,15060
1430,434,1,19,7,-1,99999,-1,-1,-3,-1,1,15060
1431,434,1,10,3,-1,99999,-1,-1,-3,-1,1,15060
1432,434,1,75,3,-1,99999,-1,-1,-3,-1,1,15060
1433,435,1,159,6,-1,99999,-1,-1,-3,-1,1,15120
1434,435,1,5,8,-1,99999,-1,-1,-3,-1,1,15120
1435,436,1,195,5,-1,99999,-1,-1,-3,-1,1,15120
1436,436,1,25,7,-1,99999,-1,-1,-3,-1,1,15120
1437,436,1,153,2,-1,99999,-1,-1,-3,-1,1,15120
1438,436,1,132,4,-1,99999,-1,-1,-3,-1,1,15120
1439,436,1,102,4,-1,99999,-1,-1,-3,-1,1,15120
1440,436,1,3,4,-1,99999,-1,-1,-3,-1,1,15120
1441,436,1,76,4,-1,99999,-1,-1,-3,-1,1,15120
1442,436,1,6,9,-1,99999,-1,-1,-3,-1,1,15120
1443,436,1,34,6,-1,99999,-1,-1,-3,-1,1,15120
1444,437,1,39,5,-1,99999,-1,-1,-3,-1,1,15180
1445,437,1,113,6,-1,99999,-1,-1,-3,-1,1,15180
1446,437,1,62,6,-1,99999,-1,-1,-3,-1,1,15180
1447,437,1,1,8,-1,99999,-1,-1,-3,-1,1,15180
1448,437,1,29,6,-1,99999,-1,-1,-3,-1,1,15180
1449,437,1,362,8,-1,99999,-1,-1,-3,-1,1,15180
1450,438,1,36,10,-1,99999,-1,-1,-3,-1,1,15180
1451,439,1,28,4,-1,99999,-1,-1,-3,-1,1,15180
1452,439,1,50,7,-1,99999,-1,-1,-3,-1,1,15180
1453,439,1,12,5,-1,99999,-1,-1,-3,-1,1,15180
1454,439,1,1,5,-1,99999,-1,-1,-3,-1,1,15180
1455,439,1,20,6,-1,99999,-1,-1,-3,-1,1,15180
1456,439,1,46,2,-1,99999,-1,-1,-3,-1,1,15180
1457,439,1,16,6,-1,99999,-1,-1,-3,-1,1,15180
1458,440,1,77,12,-1,99999,-1,-1,-3,-1,1,15300
1459,441,1,64,2,-1,99999,-1,-1,-3,-1,1,15420
1460,441,1,1,10,-1,99999,-1,-1,-3,-1,1,15420
1461,441,1,233,10,-1,99999,-1,-1,-3,-1,1,15420
1462,441,1,68,6,-1,99999,-1,-1,-3,-1,1,15420
1463,441,1,9,5,-1,99999,-1,-1,-3,-1,1,15420
1464,441,1,14,6,-1,99999,-1,-1,-3,-1,1,15420
1465,441,1,139,10,-1,99999,-1,-1,-3,-1,1,15420
1466,441,1,26,8,-1,99999,-1,-1,-3,-1,1,15420
1467,442,1,22,4,-1,99999,-1,-1,-3,-1,1,15480
1468,443,1,0,4,-1,99999,-1,-1,-3,-1,1,15540
1469,443,1,328,12,-1,99999,-1,-1,-3,-1,1,15540
1470,443,1,43,9,-1,99999,-1,-1,-3,-1,1,15540
1471,444,1,122,10,-1,99999,-1,-1,-3,-1,1,15540
1472,444,1,1,8,-1,99999,-1,-1,-3,-1,1,15540
1473,444,1,5,10,-1,99999,-1,-1,-3,-1,1,15540
1474,444,1,103,3,-1,99999,-1,-1,-3,-1,1,15540
1475,444,1,4,9,-1,99999,-1,-1,-3,-1,1,15540
1476,445,1,2,12,-1,99999,-1,-1,-3,-1,1,15660
1477,445,1,57,10,-1,99999,-1,-1,-3,-1,1,15660
1478,445,1,497,6,-1,99999,-1,-1,-3,-1,1,15660
1479,445,1,124,11,-1,99999,-1,-1,-3,-1,1,15660
1480,446,1,14,9,-1,99999,-1,-1,-3,-1,1,15720
1481,446,1,31,6,-1,99999,-1,-1,-3,-1,1,15720
1482,446,1,30,5,-1,99999,-1,-1,-3,-1,1,15720
1483,447,1,1,8,-1,99999,-1,-1,-3,-1,1,15780
1484,447,1,128,11,-1,99999,-1,-1,-3,-1,1,15780
1485,448,1,142,2,-1,99999,-1,-1,-3,-1,1,15780
1486,448,1,86,2,-1,99999,-1,-1,-3,-1,1,15780
1487,448,1,91,5,-1,99999,-1,-1,-3,-1,1,15780
1488,448,1,71,8,-1,99999,-1,-1,-3,-1,1,15780
1489,448,1,27,5,-1,99999,-1,-1,-3,-1,1,15780
1490,448,1,2,10,-1,99999,-1,-1,-3,-1,1,15780
1491,448,1,9,2,-1,99999,-1,-1,-3,-1,1,15780
1492,448,1,95,8,-1,99999,-1,-1,-3,-1,1,15780
1493,448,1,435,9,-1,99999,-1,-1,-3,-1,1,15780
1494,448,1,26,4,-1,99999,-1,-1,-3,-1,1,15780
1495,448,1,275,9,-1,99999,-1,-1,-3,-1,1,15780
1496,448,1,14,6,-1,99999,-1,-1,-3,-1,1,15780
1497,448,1,379,5,-1,99999,-1,-1,-3,-1,1,15780
1498,448,1,339,11,-1,99999,-1,-1,-3,-1,1,15780
1499,448,1,17,9,-1,99999,-1,-1,-3,-1,1,15780
1500,448,1,22,4,-1,99999,-1,-1,-3,-1,1,15780
1501,449,1,67,10,-1,99999,-1,-1,-3,-1,1,15840
1502,450,1,3,3,-1,99999,-1,-1,-3,-1,1,15840
1503,450,1,172,4,-1,99999,-1,-1,-3,-1,1,15840
1504,450,1,37,1,-1,99999,-1,-1,-3,-1,1,15840
1505,450,1,14,4,-1,99999,-1,-1,-3,-1,1,15840
1506,451,1,94,4,-1,99999,-1,-1,-3,-1,1,15900
1507,451,1,32,3,-1,99999,-1,-1,-3,-1,1,15900
1508,451,1,88,6,-1,99999,-1,-1,-3,-1,1,15900
1509,451,1,21,10,-1,99999,-1,-1,-3,-1,1,15900
1510,451,1,405,11,-1,99999,-1,-1,-3,-1,1,15900
1511,452,1,424,2,-1,99999,-1,-1,-3,-1,1,15900
1512,453,1,24,8,-1,99999,-1,-1,-3,-1,1,16020
1513,454,1,60,5,-1,99999,-1,-1,-3,-1,1,16080
1514,455,1,43,2,-1,99999,-1,-1,-3,-1,1,16080
1515,456,1,35,8,-1,99999,-1,-1,-3,-1,1,16140
1516,456,1,7,6,-1,99999,-1,-1,-3,-1,1,16140
1517,456,1,403,10,-1,99999,-1,-1,-3,-1,1,16140
1518,456,1,44,5,-1,99999,-1,-1,-3,-1,1,16140
1519,456,1,16,2,-1,99999,-1,-1,-3,-1,1,16140
1520,456,1,3,3,-1,99999,-1,-1,-3,-1,1,16140
1521,456,1,2,4,-1,99999,-1,-1,-3,-1,1,16140
1522,456,1,10,4,-1,99999,-1,-1,-3,-1,1,16140
1523,457,1,40,5,-1,99999,-1,-1,-3,-1,1,16140
1524,457,1,37,9,-1,99999,-1,-1,-3,-1,1,16140
1525,457,1,10,2,-1,99999,-1,-1,-3,-1,1,16140
1526,457,1,85,12,-1,99999,-1,-1,-3,-1,1,16140
1527,458,1,6,4,-1,99999,-1,-1,-3,-1,1,16260
1528,458,1,39,6,-1,99999,-1,-1,-3,-1,1,16260
1529,459,1,159,6,-1,99999,-1,-1,-3,-1,1,16320
1530,459,1,148,5,-1,99999,-1,-1,-3,-1,1,16320
1531,459,1,8,8,-1,99999,-1,-1,-3,-1,1,16320
1532,460,1,51,10,-1,99999,-1,-1,-3,-1,1,16320
1533,460,1,33,2,-1,99999,-1,-1,-3,-1,1,16320
1534,460,1,21,2,-1,99999,-1,-1,-3,-1,1,16320
1535,461,1,35,2,-1,99999,-1,-1,-3,-1,1,16380
1536,461,1,106,4,-1,99999,-1,-1,-3,-1,1,16380
1537,462,1,482,8,-1,99999,-1,-1,-3,-1,1,16380
1538,462,1,45,4,-1,99999,-1,-1,-3,-1,1,16380
1539,463,1,58,6,-1,99999,-1,-1,-3,-1,1,16440
1540,463,1,7,4,-1,99999,-1,-1,-3,-1,1,16440
1541,463,1,14,3,-1,99999,-1,-1,-3,-1,1,16440
1542,464,1,94,8,-1,99999,-1,-1,-3,-1,1,16440
1543,464,1,92,1,-1,99999,-1,-1,-3,-1,1,16440
1544,464,1,223,8,-1,99999,-1,-1,-3,-1,1,16440
1545,464,1,139,2,-1,99999,-1,-1,-3,-1,1,16440
1546,464,1,9,5,-1,99999,-1,-1,-3,-1,1,16440
1547,464,1,103,6,-1,99999,-1,-1,-3,-1,1,16440
1548,465,1,101,6,-1,99999,-1,-1,-3,-1,1,16440
1549,465,1,29,9,-1,99999,-1,-1,-3,-1,1,16440
1550,465,1,58,8,-1,99999,-1,-1,-3,-1,1,16440
1551,465,1,108,8,-1,99999,-1,-1,-3,-1,1,16440
1552,466,1,3,4,-1,99999,-1,-1,-3,-1,1,16440
1553,466,1,4,11,-1,99999,-1,-1,-3,-1,1,16440
1554,466,1,42,7,-1,99999,-1,-1,-3,-1,1,16440
1555,466,1,48,2,-1,99999,-1,-1,-3,-1,1,16440
1556,467,1,234,5,-1,99999,-1,-1,-3,-1,1,16440
1557,467,1,75,10,-1,99999,-1,-1,-3,-1,1,16440
1558,467,1,25,12,-1,99999,-1,-1,-3,-1,1,16440
1559,467,1,2,4,-1,99999,-1,-1,-3,-1,1,16440
1560,467,1,0,2,-1,99999,-1,-1,-3,-1,1,16440
1561,468,1,81,4,-1,99999,-1,-1,-3,-1,1,16500
1562,468,1,173,7,-1,99999,-1,-1,-3,-1,1,16500
1563,468,1,461,5,-1,99999,-1,-1,-3,-1,1,16500
1564,468,1,383,5,-1,99999,-1,-1,-3,-1,1,16500
1565,468,1,41,8,-1,99999,-1,-1,-3,-1,1,16500
1566,468,1,0,6,-1,99999,-1,-1,-3,-1,1,16500
1567,468,1,145,6,-1,99999,-1,-1,-3,-1,1,16500
1568,468,1,112,6,-1,99999,-1,-1,-3,-1,1,16500
1569,468,1,5,2,-1,99999,-1,-1,-3,-1,1,16500
1570,469,1,106,12,-1,99999,-1,-1,-3,-1,1,16500
1571,470,1,13,8,-1,99999,-1,-1,-3,-1,1,16560
1572,470,1,125,5,-1,99999,-1,-1,-3,-1,1,16560
1573,471,1,174,4,-1,99999,-1,-1,-3,-1,1,16620
1574,471,1,13,7,-1,99999,-1,-1,-3,-1,1,16620
1575,472,1,23,2,-1,99999,-1,-1,-3,-1,1,16740
1576,472,1,143,3,-1,99999,-1,-1,-3,-1,1,16740
1577,472,1,5,7,-1,99999,-1,-1,-3,-1,1,16740
1578,472,1,40,8,-1,99999,-1,-1,-3,-1,1,16740
1579,472,1,11,7,-1,99999,-1,-1,-3,-1,1,16740
1580,472,1,104,5,-1,99999,-1,-1,-3,-1,1,16740
1581,473,1,18,4,-1,99999,-1,-1,-3,-1,1,16800
1582,474,1,83,4,-1,99999,-1,-1,-3,-1,1,16800
1583,475,1,132,6,-1,99999,-1,-1,-3,-1,1,16860
1584,476,1,108,5,-1,99999,-1,-1,-3,-1,1,16860
1585,476,1,141,5,-1,99999,-1,-1,-3,-1,1,16860
1586,476,1,10,11,-1,99999,-1,-1,-3,-1,1,16860
1587,477,1,14,4,-1,99999,-1,-1,-3,-1,1,16980
1588,478,1,248,4,-1,99999,-1,-1,-3,-1,1,16980
1589,478,1,36,3,-1,99999,-1,-1,-3,-1,1,16980
1590,478,1,279,6,-1,99999,-1,-1,-3,-1,1,16980
1591,479,1,11,6,-1,99999,-1,-1,-3,-1,1,16980
1592,480,1,26,3,-1,99999,-1,-1,-3,-1,1,17040
1593,481,1,28,7,-1,99999,-1,-1,-3,-1,1,17040
1594,482,1,1,7,-1,99999,-1,-1,-3,-1,1,17040
1595,483,1,1,9,-1,99999,-1,-1,-3,-1,1,17280
1596,483,1,284,12,-1,99999,-1,-1,-3,-1,1,17280
1597,483,1,6,9,-1,99999,-1,-1,-3,-1,1,17280
1598,484,1,2,1,-1,99999,-1,-1,-3,-1,1,17340
1599,484,1,113,4,-1,99999,-1,-1,-3,-1,1,17340
1600,484,1,88,11,-1,99999,-1,-1,-3,-1,1,17340
1601,484,1,198,4,-1,99999,-1,-1,-3,-1,1,17340
1602,484,1,25,5,-1,99999,-1,-1,-3,-1,1,17340
1603,484,1,141,4,-1,99999,-1,-1,-3,-1,1,17340
1604,484,1,21,5,-1,99999,-1,-1,-3,-1,1,17340
1605,484,1,22,6,-1,99999,-1,-1,-3,-1,1,17340
1606,485,1,17,4,-1,99999,-1,-1,-3,-1,1,17340
1607,485,1,8,5,-1,99999,-1,-1,-3,-1,1,17340
1608,485,1,44,7,-1,99999,-1,-1,-3,-1,1,17340
1609,485,1,191,6,-1,99999,-1,-1,-3,-1,1,17340
1610,485,1,0,6,-1,99999,-1,-1,-3,-1,1,17340
1611,485,1,23,4,-1,99999,-1,-1,-3,-1,1,17340
1612,486,1,36,5,-1,99999,-1,-1,-3,-1,1,17340
1613,486,1,67,8,-1,99999,-1,-1,-3,-1,1,17340
